id,lig,ecm
ANGPT1:ALCAM,ANGPT1,ALCAM
ANGPT1:BCAN,ANGPT1,BCAN
ANGPT1:BGN,ANGPT1,BGN
ANGPT1:CD44,ANGPT1,CD44
ANGPT1:CDH1,ANGPT1,CDH1
ANGPT1:CDH15,ANGPT1,CDH15
ANGPT1:CDH20,ANGPT1,CDH20
ANGPT1:CDH3,ANGPT1,CDH3
ANGPT1:CDH6,ANGPT1,CDH6
ANGPT1:CDH8,ANGPT1,CDH8
ANGPT1:CEACAM6,ANGPT1,CEACAM6
ANGPT1:COL1,ANGPT1,COL1
ANGPT1:COL23A1,ANGPT1,COL23A1
ANGPT1:COL2A1,ANGPT1,COL2A1
ANGPT1:COL3A1,ANGPT1,COL3A1
ANGPT1:COL4A1,ANGPT1,COL4A1
ANGPT1:COL5A1,ANGPT1,COL5A1
ANGPT1:DCN,ANGPT1,DCN
ANGPT1:DSG2,ANGPT1,DSG2
ANGPT1:ECM1,ANGPT1,ECM1
ANGPT1:FN1,ANGPT1,FN1
ANGPT1:GAP43,ANGPT1,GAP43
ANGPT1:HA500M,ANGPT1,HA500M
ANGPT1:HA500P,ANGPT1,HA500P
ANGPT1:ICAM1,ANGPT1,ICAM1
ANGPT1:ITGA10B1,ANGPT1,ITGA10B1
ANGPT1:ITGA2B1,ANGPT1,ITGA2B1
ANGPT1:ITGA3B1,ANGPT1,ITGA3B1
ANGPT1:ITGA4B1,ANGPT1,ITGA4B1
ANGPT1:ITGA6B4,ANGPT1,ITGA6B4
ANGPT1:ITGA9B1,ANGPT1,ITGA9B1
ANGPT1:ITGAMB2,ANGPT1,ITGAMB2
ANGPT1:ITGAVB2,ANGPT1,ITGAVB2
ANGPT1:LAMA3,ANGPT1,LAMA3
ANGPT1:LAMB1,ANGPT1,LAMB1
ANGPT1:LUM,ANGPT1,LUM
ANGPT1:NID1,ANGPT1,NID1
ANGPT1:OMD,ANGPT1,OMD
ANGPT1:PECAM1,ANGPT1,PECAM1
ANGPT1:POSTN,ANGPT1,POSTN
ANGPT1:SPARC,ANGPT1,SPARC
ANGPT1:SPP1,ANGPT1,SPP1
ANGPT1:THBS1,ANGPT1,THBS1
ANGPT1:TNC,ANGPT1,TNC
ANGPT1:VCAM1,ANGPT1,VCAM1
ANGPT1:VTN,ANGPT1,VTN
ANGPT1:blank,ANGPT1,blank
ANGPT2:ALCAM,ANGPT2,ALCAM
ANGPT2:BCAN,ANGPT2,BCAN
ANGPT2:BGN,ANGPT2,BGN
ANGPT2:CD44,ANGPT2,CD44
ANGPT2:CDH1,ANGPT2,CDH1
ANGPT2:CDH15,ANGPT2,CDH15
ANGPT2:CDH20,ANGPT2,CDH20
ANGPT2:CDH3,ANGPT2,CDH3
ANGPT2:CDH6,ANGPT2,CDH6
ANGPT2:CDH8,ANGPT2,CDH8
ANGPT2:CEACAM6,ANGPT2,CEACAM6
ANGPT2:COL1,ANGPT2,COL1
ANGPT2:COL23A1,ANGPT2,COL23A1
ANGPT2:COL2A1,ANGPT2,COL2A1
ANGPT2:COL3A1,ANGPT2,COL3A1
ANGPT2:COL4A1,ANGPT2,COL4A1
ANGPT2:COL5A1,ANGPT2,COL5A1
ANGPT2:DCN,ANGPT2,DCN
ANGPT2:DSG2,ANGPT2,DSG2
ANGPT2:ECM1,ANGPT2,ECM1
ANGPT2:FN1,ANGPT2,FN1
ANGPT2:GAP43,ANGPT2,GAP43
ANGPT2:HA500M,ANGPT2,HA500M
ANGPT2:HA500P,ANGPT2,HA500P
ANGPT2:ICAM1,ANGPT2,ICAM1
ANGPT2:ITGA10B1,ANGPT2,ITGA10B1
ANGPT2:ITGA2B1,ANGPT2,ITGA2B1
ANGPT2:ITGA3B1,ANGPT2,ITGA3B1
ANGPT2:ITGA4B1,ANGPT2,ITGA4B1
ANGPT2:ITGA6B4,ANGPT2,ITGA6B4
ANGPT2:ITGA9B1,ANGPT2,ITGA9B1
ANGPT2:ITGAMB2,ANGPT2,ITGAMB2
ANGPT2:ITGAVB2,ANGPT2,ITGAVB2
ANGPT2:LAMA3,ANGPT2,LAMA3
ANGPT2:LAMB1,ANGPT2,LAMB1
ANGPT2:LUM,ANGPT2,LUM
ANGPT2:NID1,ANGPT2,NID1
ANGPT2:OMD,ANGPT2,OMD
ANGPT2:PECAM1,ANGPT2,PECAM1
ANGPT2:POSTN,ANGPT2,POSTN
ANGPT2:SPARC,ANGPT2,SPARC
ANGPT2:SPP1,ANGPT2,SPP1
ANGPT2:THBS1,ANGPT2,THBS1
ANGPT2:TNC,ANGPT2,TNC
ANGPT2:VCAM1,ANGPT2,VCAM1
ANGPT2:VTN,ANGPT2,VTN
ANGPT2:blank,ANGPT2,blank
AREG:ALCAM,AREG,ALCAM
AREG:BCAN,AREG,BCAN
AREG:BGN,AREG,BGN
AREG:CD44,AREG,CD44
AREG:CDH1,AREG,CDH1
AREG:CDH15,AREG,CDH15
AREG:CDH20,AREG,CDH20
AREG:CDH3,AREG,CDH3
AREG:CDH6,AREG,CDH6
AREG:CDH8,AREG,CDH8
AREG:CEACAM6,AREG,CEACAM6
AREG:COL1,AREG,COL1
AREG:COL23A1,AREG,COL23A1
AREG:COL2A1,AREG,COL2A1
AREG:COL3A1,AREG,COL3A1
AREG:COL4A1,AREG,COL4A1
AREG:COL5A1,AREG,COL5A1
AREG:DCN,AREG,DCN
AREG:DSG2,AREG,DSG2
AREG:ECM1,AREG,ECM1
AREG:FN1,AREG,FN1
AREG:GAP43,AREG,GAP43
AREG:HA500M,AREG,HA500M
AREG:HA500P,AREG,HA500P
AREG:ICAM1,AREG,ICAM1
AREG:ITGA10B1,AREG,ITGA10B1
AREG:ITGA2B1,AREG,ITGA2B1
AREG:ITGA3B1,AREG,ITGA3B1
AREG:ITGA4B1,AREG,ITGA4B1
AREG:ITGA6B4,AREG,ITGA6B4
AREG:ITGA9B1,AREG,ITGA9B1
AREG:ITGAMB2,AREG,ITGAMB2
AREG:ITGAVB2,AREG,ITGAVB2
AREG:LAMA3,AREG,LAMA3
AREG:LAMB1,AREG,LAMB1
AREG:LUM,AREG,LUM
AREG:NID1,AREG,NID1
AREG:OMD,AREG,OMD
AREG:PECAM1,AREG,PECAM1
AREG:POSTN,AREG,POSTN
AREG:SPARC,AREG,SPARC
AREG:SPP1,AREG,SPP1
AREG:THBS1,AREG,THBS1
AREG:TNC,AREG,TNC
AREG:VCAM1,AREG,VCAM1
AREG:VTN,AREG,VTN
AREG:blank,AREG,blank
BMP2:ALCAM,BMP2,ALCAM
BMP2:BCAN,BMP2,BCAN
BMP2:BGN,BMP2,BGN
BMP2:CD44,BMP2,CD44
BMP2:CDH1,BMP2,CDH1
BMP2:CDH15,BMP2,CDH15
BMP2:CDH20,BMP2,CDH20
BMP2:CDH3,BMP2,CDH3
BMP2:CDH6,BMP2,CDH6
BMP2:CDH8,BMP2,CDH8
BMP2:CEACAM6,BMP2,CEACAM6
BMP2:COL1,BMP2,COL1
BMP2:COL23A1,BMP2,COL23A1
BMP2:COL2A1,BMP2,COL2A1
BMP2:COL3A1,BMP2,COL3A1
BMP2:COL4A1,BMP2,COL4A1
BMP2:COL5A1,BMP2,COL5A1
BMP2:DCN,BMP2,DCN
BMP2:DSG2,BMP2,DSG2
BMP2:ECM1,BMP2,ECM1
BMP2:FN1,BMP2,FN1
BMP2:GAP43,BMP2,GAP43
BMP2:HA500M,BMP2,HA500M
BMP2:HA500P,BMP2,HA500P
BMP2:ICAM1,BMP2,ICAM1
BMP2:ITGA10B1,BMP2,ITGA10B1
BMP2:ITGA2B1,BMP2,ITGA2B1
BMP2:ITGA3B1,BMP2,ITGA3B1
BMP2:ITGA4B1,BMP2,ITGA4B1
BMP2:ITGA6B4,BMP2,ITGA6B4
BMP2:ITGA9B1,BMP2,ITGA9B1
BMP2:ITGAMB2,BMP2,ITGAMB2
BMP2:ITGAVB2,BMP2,ITGAVB2
BMP2:LAMA3,BMP2,LAMA3
BMP2:LAMB1,BMP2,LAMB1
BMP2:LUM,BMP2,LUM
BMP2:NID1,BMP2,NID1
BMP2:OMD,BMP2,OMD
BMP2:PECAM1,BMP2,PECAM1
BMP2:POSTN,BMP2,POSTN
BMP2:SPARC,BMP2,SPARC
BMP2:SPP1,BMP2,SPP1
BMP2:THBS1,BMP2,THBS1
BMP2:TNC,BMP2,TNC
BMP2:VCAM1,BMP2,VCAM1
BMP2:VTN,BMP2,VTN
BMP2:blank,BMP2,blank
BMP3:ALCAM,BMP3,ALCAM
BMP3:BCAN,BMP3,BCAN
BMP3:BGN,BMP3,BGN
BMP3:CD44,BMP3,CD44
BMP3:CDH1,BMP3,CDH1
BMP3:CDH15,BMP3,CDH15
BMP3:CDH20,BMP3,CDH20
BMP3:CDH3,BMP3,CDH3
BMP3:CDH6,BMP3,CDH6
BMP3:CDH8,BMP3,CDH8
BMP3:CEACAM6,BMP3,CEACAM6
BMP3:COL1,BMP3,COL1
BMP3:COL23A1,BMP3,COL23A1
BMP3:COL2A1,BMP3,COL2A1
BMP3:COL3A1,BMP3,COL3A1
BMP3:COL4A1,BMP3,COL4A1
BMP3:COL5A1,BMP3,COL5A1
BMP3:DCN,BMP3,DCN
BMP3:DSG2,BMP3,DSG2
BMP3:ECM1,BMP3,ECM1
BMP3:FN1,BMP3,FN1
BMP3:GAP43,BMP3,GAP43
BMP3:HA500M,BMP3,HA500M
BMP3:HA500P,BMP3,HA500P
BMP3:ICAM1,BMP3,ICAM1
BMP3:ITGA10B1,BMP3,ITGA10B1
BMP3:ITGA2B1,BMP3,ITGA2B1
BMP3:ITGA3B1,BMP3,ITGA3B1
BMP3:ITGA4B1,BMP3,ITGA4B1
BMP3:ITGA6B4,BMP3,ITGA6B4
BMP3:ITGA9B1,BMP3,ITGA9B1
BMP3:ITGAMB2,BMP3,ITGAMB2
BMP3:ITGAVB2,BMP3,ITGAVB2
BMP3:LAMA3,BMP3,LAMA3
BMP3:LAMB1,BMP3,LAMB1
BMP3:LUM,BMP3,LUM
BMP3:NID1,BMP3,NID1
BMP3:OMD,BMP3,OMD
BMP3:PECAM1,BMP3,PECAM1
BMP3:POSTN,BMP3,POSTN
BMP3:SPARC,BMP3,SPARC
BMP3:SPP1,BMP3,SPP1
BMP3:THBS1,BMP3,THBS1
BMP3:TNC,BMP3,TNC
BMP3:VCAM1,BMP3,VCAM1
BMP3:VTN,BMP3,VTN
BMP3:blank,BMP3,blank
BMP4:ALCAM,BMP4,ALCAM
BMP4:BCAN,BMP4,BCAN
BMP4:BGN,BMP4,BGN
BMP4:CD44,BMP4,CD44
BMP4:CDH1,BMP4,CDH1
BMP4:CDH15,BMP4,CDH15
BMP4:CDH20,BMP4,CDH20
BMP4:CDH3,BMP4,CDH3
BMP4:CDH6,BMP4,CDH6
BMP4:CDH8,BMP4,CDH8
BMP4:CEACAM6,BMP4,CEACAM6
BMP4:COL1,BMP4,COL1
BMP4:COL23A1,BMP4,COL23A1
BMP4:COL2A1,BMP4,COL2A1
BMP4:COL3A1,BMP4,COL3A1
BMP4:COL4A1,BMP4,COL4A1
BMP4:COL5A1,BMP4,COL5A1
BMP4:DCN,BMP4,DCN
BMP4:DSG2,BMP4,DSG2
BMP4:ECM1,BMP4,ECM1
BMP4:FN1,BMP4,FN1
BMP4:GAP43,BMP4,GAP43
BMP4:HA500M,BMP4,HA500M
BMP4:HA500P,BMP4,HA500P
BMP4:ICAM1,BMP4,ICAM1
BMP4:ITGA10B1,BMP4,ITGA10B1
BMP4:ITGA2B1,BMP4,ITGA2B1
BMP4:ITGA3B1,BMP4,ITGA3B1
BMP4:ITGA4B1,BMP4,ITGA4B1
BMP4:ITGA6B4,BMP4,ITGA6B4
BMP4:ITGA9B1,BMP4,ITGA9B1
BMP4:ITGAMB2,BMP4,ITGAMB2
BMP4:ITGAVB2,BMP4,ITGAVB2
BMP4:LAMA3,BMP4,LAMA3
BMP4:LAMB1,BMP4,LAMB1
BMP4:LUM,BMP4,LUM
BMP4:NID1,BMP4,NID1
BMP4:OMD,BMP4,OMD
BMP4:PECAM1,BMP4,PECAM1
BMP4:POSTN,BMP4,POSTN
BMP4:SPARC,BMP4,SPARC
BMP4:SPP1,BMP4,SPP1
BMP4:THBS1,BMP4,THBS1
BMP4:TNC,BMP4,TNC
BMP4:VCAM1,BMP4,VCAM1
BMP4:VTN,BMP4,VTN
BMP4:blank,BMP4,blank
BMP5:ALCAM,BMP5,ALCAM
BMP5:BCAN,BMP5,BCAN
BMP5:BGN,BMP5,BGN
BMP5:CD44,BMP5,CD44
BMP5:CDH1,BMP5,CDH1
BMP5:CDH15,BMP5,CDH15
BMP5:CDH20,BMP5,CDH20
BMP5:CDH3,BMP5,CDH3
BMP5:CDH6,BMP5,CDH6
BMP5:CDH8,BMP5,CDH8
BMP5:CEACAM6,BMP5,CEACAM6
BMP5:COL1,BMP5,COL1
BMP5:COL23A1,BMP5,COL23A1
BMP5:COL2A1,BMP5,COL2A1
BMP5:COL3A1,BMP5,COL3A1
BMP5:COL4A1,BMP5,COL4A1
BMP5:COL5A1,BMP5,COL5A1
BMP5:DCN,BMP5,DCN
BMP5:DSG2,BMP5,DSG2
BMP5:ECM1,BMP5,ECM1
BMP5:FN1,BMP5,FN1
BMP5:GAP43,BMP5,GAP43
BMP5:HA500M,BMP5,HA500M
BMP5:HA500P,BMP5,HA500P
BMP5:ICAM1,BMP5,ICAM1
BMP5:ITGA10B1,BMP5,ITGA10B1
BMP5:ITGA2B1,BMP5,ITGA2B1
BMP5:ITGA3B1,BMP5,ITGA3B1
BMP5:ITGA4B1,BMP5,ITGA4B1
BMP5:ITGA6B4,BMP5,ITGA6B4
BMP5:ITGA9B1,BMP5,ITGA9B1
BMP5:ITGAMB2,BMP5,ITGAMB2
BMP5:ITGAVB2,BMP5,ITGAVB2
BMP5:LAMA3,BMP5,LAMA3
BMP5:LAMB1,BMP5,LAMB1
BMP5:LUM,BMP5,LUM
BMP5:NID1,BMP5,NID1
BMP5:OMD,BMP5,OMD
BMP5:PECAM1,BMP5,PECAM1
BMP5:POSTN,BMP5,POSTN
BMP5:SPARC,BMP5,SPARC
BMP5:SPP1,BMP5,SPP1
BMP5:THBS1,BMP5,THBS1
BMP5:TNC,BMP5,TNC
BMP5:VCAM1,BMP5,VCAM1
BMP5:VTN,BMP5,VTN
BMP5:blank,BMP5,blank
BMP6:ALCAM,BMP6,ALCAM
BMP6:BCAN,BMP6,BCAN
BMP6:BGN,BMP6,BGN
BMP6:CD44,BMP6,CD44
BMP6:CDH1,BMP6,CDH1
BMP6:CDH15,BMP6,CDH15
BMP6:CDH20,BMP6,CDH20
BMP6:CDH3,BMP6,CDH3
BMP6:CDH6,BMP6,CDH6
BMP6:CDH8,BMP6,CDH8
BMP6:CEACAM6,BMP6,CEACAM6
BMP6:COL1,BMP6,COL1
BMP6:COL23A1,BMP6,COL23A1
BMP6:COL2A1,BMP6,COL2A1
BMP6:COL3A1,BMP6,COL3A1
BMP6:COL4A1,BMP6,COL4A1
BMP6:COL5A1,BMP6,COL5A1
BMP6:DCN,BMP6,DCN
BMP6:DSG2,BMP6,DSG2
BMP6:ECM1,BMP6,ECM1
BMP6:FN1,BMP6,FN1
BMP6:GAP43,BMP6,GAP43
BMP6:HA500M,BMP6,HA500M
BMP6:HA500P,BMP6,HA500P
BMP6:ICAM1,BMP6,ICAM1
BMP6:ITGA10B1,BMP6,ITGA10B1
BMP6:ITGA2B1,BMP6,ITGA2B1
BMP6:ITGA3B1,BMP6,ITGA3B1
BMP6:ITGA4B1,BMP6,ITGA4B1
BMP6:ITGA6B4,BMP6,ITGA6B4
BMP6:ITGA9B1,BMP6,ITGA9B1
BMP6:ITGAMB2,BMP6,ITGAMB2
BMP6:ITGAVB2,BMP6,ITGAVB2
BMP6:LAMA3,BMP6,LAMA3
BMP6:LAMB1,BMP6,LAMB1
BMP6:LUM,BMP6,LUM
BMP6:NID1,BMP6,NID1
BMP6:OMD,BMP6,OMD
BMP6:PECAM1,BMP6,PECAM1
BMP6:POSTN,BMP6,POSTN
BMP6:SPARC,BMP6,SPARC
BMP6:SPP1,BMP6,SPP1
BMP6:THBS1,BMP6,THBS1
BMP6:TNC,BMP6,TNC
BMP6:VCAM1,BMP6,VCAM1
BMP6:VTN,BMP6,VTN
BMP6:blank,BMP6,blank
BMP7:ALCAM,BMP7,ALCAM
BMP7:BCAN,BMP7,BCAN
BMP7:BGN,BMP7,BGN
BMP7:CD44,BMP7,CD44
BMP7:CDH1,BMP7,CDH1
BMP7:CDH15,BMP7,CDH15
BMP7:CDH20,BMP7,CDH20
BMP7:CDH3,BMP7,CDH3
BMP7:CDH6,BMP7,CDH6
BMP7:CDH8,BMP7,CDH8
BMP7:CEACAM6,BMP7,CEACAM6
BMP7:COL1,BMP7,COL1
BMP7:COL23A1,BMP7,COL23A1
BMP7:COL2A1,BMP7,COL2A1
BMP7:COL3A1,BMP7,COL3A1
BMP7:COL4A1,BMP7,COL4A1
BMP7:COL5A1,BMP7,COL5A1
BMP7:DCN,BMP7,DCN
BMP7:DSG2,BMP7,DSG2
BMP7:ECM1,BMP7,ECM1
BMP7:FN1,BMP7,FN1
BMP7:GAP43,BMP7,GAP43
BMP7:HA500M,BMP7,HA500M
BMP7:HA500P,BMP7,HA500P
BMP7:ICAM1,BMP7,ICAM1
BMP7:ITGA10B1,BMP7,ITGA10B1
BMP7:ITGA2B1,BMP7,ITGA2B1
BMP7:ITGA3B1,BMP7,ITGA3B1
BMP7:ITGA4B1,BMP7,ITGA4B1
BMP7:ITGA6B4,BMP7,ITGA6B4
BMP7:ITGA9B1,BMP7,ITGA9B1
BMP7:ITGAMB2,BMP7,ITGAMB2
BMP7:ITGAVB2,BMP7,ITGAVB2
BMP7:LAMA3,BMP7,LAMA3
BMP7:LAMB1,BMP7,LAMB1
BMP7:LUM,BMP7,LUM
BMP7:NID1,BMP7,NID1
BMP7:OMD,BMP7,OMD
BMP7:PECAM1,BMP7,PECAM1
BMP7:POSTN,BMP7,POSTN
BMP7:SPARC,BMP7,SPARC
BMP7:SPP1,BMP7,SPP1
BMP7:THBS1,BMP7,THBS1
BMP7:TNC,BMP7,TNC
BMP7:VCAM1,BMP7,VCAM1
BMP7:VTN,BMP7,VTN
BMP7:blank,BMP7,blank
CSF2:ALCAM,CSF2,ALCAM
CSF2:BCAN,CSF2,BCAN
CSF2:BGN,CSF2,BGN
CSF2:CD44,CSF2,CD44
CSF2:CDH1,CSF2,CDH1
CSF2:CDH15,CSF2,CDH15
CSF2:CDH20,CSF2,CDH20
CSF2:CDH3,CSF2,CDH3
CSF2:CDH6,CSF2,CDH6
CSF2:CDH8,CSF2,CDH8
CSF2:CEACAM6,CSF2,CEACAM6
CSF2:COL1,CSF2,COL1
CSF2:COL23A1,CSF2,COL23A1
CSF2:COL2A1,CSF2,COL2A1
CSF2:COL3A1,CSF2,COL3A1
CSF2:COL4A1,CSF2,COL4A1
CSF2:COL5A1,CSF2,COL5A1
CSF2:DCN,CSF2,DCN
CSF2:DSG2,CSF2,DSG2
CSF2:ECM1,CSF2,ECM1
CSF2:FN1,CSF2,FN1
CSF2:GAP43,CSF2,GAP43
CSF2:HA500M,CSF2,HA500M
CSF2:HA500P,CSF2,HA500P
CSF2:ICAM1,CSF2,ICAM1
CSF2:ITGA10B1,CSF2,ITGA10B1
CSF2:ITGA2B1,CSF2,ITGA2B1
CSF2:ITGA3B1,CSF2,ITGA3B1
CSF2:ITGA4B1,CSF2,ITGA4B1
CSF2:ITGA6B4,CSF2,ITGA6B4
CSF2:ITGA9B1,CSF2,ITGA9B1
CSF2:ITGAMB2,CSF2,ITGAMB2
CSF2:ITGAVB2,CSF2,ITGAVB2
CSF2:LAMA3,CSF2,LAMA3
CSF2:LAMB1,CSF2,LAMB1
CSF2:LUM,CSF2,LUM
CSF2:NID1,CSF2,NID1
CSF2:OMD,CSF2,OMD
CSF2:PECAM1,CSF2,PECAM1
CSF2:POSTN,CSF2,POSTN
CSF2:SPARC,CSF2,SPARC
CSF2:SPP1,CSF2,SPP1
CSF2:THBS1,CSF2,THBS1
CSF2:TNC,CSF2,TNC
CSF2:VCAM1,CSF2,VCAM1
CSF2:VTN,CSF2,VTN
CSF2:blank,CSF2,blank
CTGF:ALCAM,CTGF,ALCAM
CTGF:BCAN,CTGF,BCAN
CTGF:BGN,CTGF,BGN
CTGF:CD44,CTGF,CD44
CTGF:CDH1,CTGF,CDH1
CTGF:CDH15,CTGF,CDH15
CTGF:CDH20,CTGF,CDH20
CTGF:CDH3,CTGF,CDH3
CTGF:CDH6,CTGF,CDH6
CTGF:CDH8,CTGF,CDH8
CTGF:CEACAM6,CTGF,CEACAM6
CTGF:COL1,CTGF,COL1
CTGF:COL23A1,CTGF,COL23A1
CTGF:COL2A1,CTGF,COL2A1
CTGF:COL3A1,CTGF,COL3A1
CTGF:COL4A1,CTGF,COL4A1
CTGF:COL5A1,CTGF,COL5A1
CTGF:DCN,CTGF,DCN
CTGF:DSG2,CTGF,DSG2
CTGF:ECM1,CTGF,ECM1
CTGF:FN1,CTGF,FN1
CTGF:GAP43,CTGF,GAP43
CTGF:HA500M,CTGF,HA500M
CTGF:HA500P,CTGF,HA500P
CTGF:ICAM1,CTGF,ICAM1
CTGF:ITGA10B1,CTGF,ITGA10B1
CTGF:ITGA2B1,CTGF,ITGA2B1
CTGF:ITGA3B1,CTGF,ITGA3B1
CTGF:ITGA4B1,CTGF,ITGA4B1
CTGF:ITGA6B4,CTGF,ITGA6B4
CTGF:ITGA9B1,CTGF,ITGA9B1
CTGF:ITGAMB2,CTGF,ITGAMB2
CTGF:ITGAVB2,CTGF,ITGAVB2
CTGF:LAMA3,CTGF,LAMA3
CTGF:LAMB1,CTGF,LAMB1
CTGF:LUM,CTGF,LUM
CTGF:NID1,CTGF,NID1
CTGF:OMD,CTGF,OMD
CTGF:PECAM1,CTGF,PECAM1
CTGF:POSTN,CTGF,POSTN
CTGF:SPARC,CTGF,SPARC
CTGF:SPP1,CTGF,SPP1
CTGF:THBS1,CTGF,THBS1
CTGF:TNC,CTGF,TNC
CTGF:VCAM1,CTGF,VCAM1
CTGF:VTN,CTGF,VTN
CTGF:blank,CTGF,blank
CXCL1:ALCAM,CXCL1,ALCAM
CXCL1:BCAN,CXCL1,BCAN
CXCL1:BGN,CXCL1,BGN
CXCL1:CD44,CXCL1,CD44
CXCL1:CDH1,CXCL1,CDH1
CXCL1:CDH15,CXCL1,CDH15
CXCL1:CDH20,CXCL1,CDH20
CXCL1:CDH3,CXCL1,CDH3
CXCL1:CDH6,CXCL1,CDH6
CXCL1:CDH8,CXCL1,CDH8
CXCL1:CEACAM6,CXCL1,CEACAM6
CXCL1:COL1,CXCL1,COL1
CXCL1:COL23A1,CXCL1,COL23A1
CXCL1:COL2A1,CXCL1,COL2A1
CXCL1:COL3A1,CXCL1,COL3A1
CXCL1:COL4A1,CXCL1,COL4A1
CXCL1:COL5A1,CXCL1,COL5A1
CXCL1:DCN,CXCL1,DCN
CXCL1:DSG2,CXCL1,DSG2
CXCL1:ECM1,CXCL1,ECM1
CXCL1:FN1,CXCL1,FN1
CXCL1:GAP43,CXCL1,GAP43
CXCL1:HA500M,CXCL1,HA500M
CXCL1:HA500P,CXCL1,HA500P
CXCL1:ICAM1,CXCL1,ICAM1
CXCL1:ITGA10B1,CXCL1,ITGA10B1
CXCL1:ITGA2B1,CXCL1,ITGA2B1
CXCL1:ITGA3B1,CXCL1,ITGA3B1
CXCL1:ITGA4B1,CXCL1,ITGA4B1
CXCL1:ITGA6B4,CXCL1,ITGA6B4
CXCL1:ITGA9B1,CXCL1,ITGA9B1
CXCL1:ITGAMB2,CXCL1,ITGAMB2
CXCL1:ITGAVB2,CXCL1,ITGAVB2
CXCL1:LAMA3,CXCL1,LAMA3
CXCL1:LAMB1,CXCL1,LAMB1
CXCL1:LUM,CXCL1,LUM
CXCL1:NID1,CXCL1,NID1
CXCL1:OMD,CXCL1,OMD
CXCL1:PECAM1,CXCL1,PECAM1
CXCL1:POSTN,CXCL1,POSTN
CXCL1:SPARC,CXCL1,SPARC
CXCL1:SPP1,CXCL1,SPP1
CXCL1:THBS1,CXCL1,THBS1
CXCL1:TNC,CXCL1,TNC
CXCL1:VCAM1,CXCL1,VCAM1
CXCL1:VTN,CXCL1,VTN
CXCL1:blank,CXCL1,blank
CXCL12_350NS010CF:ALCAM,CXCL12_350NS010CF,ALCAM
CXCL12_350NS010CF:BCAN,CXCL12_350NS010CF,BCAN
CXCL12_350NS010CF:BGN,CXCL12_350NS010CF,BGN
CXCL12_350NS010CF:CD44,CXCL12_350NS010CF,CD44
CXCL12_350NS010CF:CDH1,CXCL12_350NS010CF,CDH1
CXCL12_350NS010CF:CDH15,CXCL12_350NS010CF,CDH15
CXCL12_350NS010CF:CDH20,CXCL12_350NS010CF,CDH20
CXCL12_350NS010CF:CDH3,CXCL12_350NS010CF,CDH3
CXCL12_350NS010CF:CDH6,CXCL12_350NS010CF,CDH6
CXCL12_350NS010CF:CDH8,CXCL12_350NS010CF,CDH8
CXCL12_350NS010CF:CEACAM6,CXCL12_350NS010CF,CEACAM6
CXCL12_350NS010CF:COL1,CXCL12_350NS010CF,COL1
CXCL12_350NS010CF:COL23A1,CXCL12_350NS010CF,COL23A1
CXCL12_350NS010CF:COL2A1,CXCL12_350NS010CF,COL2A1
CXCL12_350NS010CF:COL3A1,CXCL12_350NS010CF,COL3A1
CXCL12_350NS010CF:COL4A1,CXCL12_350NS010CF,COL4A1
CXCL12_350NS010CF:COL5A1,CXCL12_350NS010CF,COL5A1
CXCL12_350NS010CF:DCN,CXCL12_350NS010CF,DCN
CXCL12_350NS010CF:DSG2,CXCL12_350NS010CF,DSG2
CXCL12_350NS010CF:ECM1,CXCL12_350NS010CF,ECM1
CXCL12_350NS010CF:FN1,CXCL12_350NS010CF,FN1
CXCL12_350NS010CF:GAP43,CXCL12_350NS010CF,GAP43
CXCL12_350NS010CF:HA500M,CXCL12_350NS010CF,HA500M
CXCL12_350NS010CF:HA500P,CXCL12_350NS010CF,HA500P
CXCL12_350NS010CF:ICAM1,CXCL12_350NS010CF,ICAM1
CXCL12_350NS010CF:ITGA10B1,CXCL12_350NS010CF,ITGA10B1
CXCL12_350NS010CF:ITGA2B1,CXCL12_350NS010CF,ITGA2B1
CXCL12_350NS010CF:ITGA3B1,CXCL12_350NS010CF,ITGA3B1
CXCL12_350NS010CF:ITGA4B1,CXCL12_350NS010CF,ITGA4B1
CXCL12_350NS010CF:ITGA6B4,CXCL12_350NS010CF,ITGA6B4
CXCL12_350NS010CF:ITGA9B1,CXCL12_350NS010CF,ITGA9B1
CXCL12_350NS010CF:ITGAMB2,CXCL12_350NS010CF,ITGAMB2
CXCL12_350NS010CF:ITGAVB2,CXCL12_350NS010CF,ITGAVB2
CXCL12_350NS010CF:LAMA3,CXCL12_350NS010CF,LAMA3
CXCL12_350NS010CF:LAMB1,CXCL12_350NS010CF,LAMB1
CXCL12_350NS010CF:LUM,CXCL12_350NS010CF,LUM
CXCL12_350NS010CF:NID1,CXCL12_350NS010CF,NID1
CXCL12_350NS010CF:OMD,CXCL12_350NS010CF,OMD
CXCL12_350NS010CF:PECAM1,CXCL12_350NS010CF,PECAM1
CXCL12_350NS010CF:POSTN,CXCL12_350NS010CF,POSTN
CXCL12_350NS010CF:SPARC,CXCL12_350NS010CF,SPARC
CXCL12_350NS010CF:SPP1,CXCL12_350NS010CF,SPP1
CXCL12_350NS010CF:THBS1,CXCL12_350NS010CF,THBS1
CXCL12_350NS010CF:TNC,CXCL12_350NS010CF,TNC
CXCL12_350NS010CF:VCAM1,CXCL12_350NS010CF,VCAM1
CXCL12_350NS010CF:VTN,CXCL12_350NS010CF,VTN
CXCL12_350NS010CF:blank,CXCL12_350NS010CF,blank
CXCL12_351FS010:ALCAM,CXCL12_351FS010,ALCAM
CXCL12_351FS010:BCAN,CXCL12_351FS010,BCAN
CXCL12_351FS010:BGN,CXCL12_351FS010,BGN
CXCL12_351FS010:CD44,CXCL12_351FS010,CD44
CXCL12_351FS010:CDH1,CXCL12_351FS010,CDH1
CXCL12_351FS010:CDH15,CXCL12_351FS010,CDH15
CXCL12_351FS010:CDH20,CXCL12_351FS010,CDH20
CXCL12_351FS010:CDH3,CXCL12_351FS010,CDH3
CXCL12_351FS010:CDH6,CXCL12_351FS010,CDH6
CXCL12_351FS010:CDH8,CXCL12_351FS010,CDH8
CXCL12_351FS010:CEACAM6,CXCL12_351FS010,CEACAM6
CXCL12_351FS010:COL1,CXCL12_351FS010,COL1
CXCL12_351FS010:COL23A1,CXCL12_351FS010,COL23A1
CXCL12_351FS010:COL2A1,CXCL12_351FS010,COL2A1
CXCL12_351FS010:COL3A1,CXCL12_351FS010,COL3A1
CXCL12_351FS010:COL4A1,CXCL12_351FS010,COL4A1
CXCL12_351FS010:COL5A1,CXCL12_351FS010,COL5A1
CXCL12_351FS010:DCN,CXCL12_351FS010,DCN
CXCL12_351FS010:DSG2,CXCL12_351FS010,DSG2
CXCL12_351FS010:ECM1,CXCL12_351FS010,ECM1
CXCL12_351FS010:FN1,CXCL12_351FS010,FN1
CXCL12_351FS010:GAP43,CXCL12_351FS010,GAP43
CXCL12_351FS010:HA500M,CXCL12_351FS010,HA500M
CXCL12_351FS010:HA500P,CXCL12_351FS010,HA500P
CXCL12_351FS010:ICAM1,CXCL12_351FS010,ICAM1
CXCL12_351FS010:ITGA10B1,CXCL12_351FS010,ITGA10B1
CXCL12_351FS010:ITGA2B1,CXCL12_351FS010,ITGA2B1
CXCL12_351FS010:ITGA3B1,CXCL12_351FS010,ITGA3B1
CXCL12_351FS010:ITGA4B1,CXCL12_351FS010,ITGA4B1
CXCL12_351FS010:ITGA6B4,CXCL12_351FS010,ITGA6B4
CXCL12_351FS010:ITGA9B1,CXCL12_351FS010,ITGA9B1
CXCL12_351FS010:ITGAMB2,CXCL12_351FS010,ITGAMB2
CXCL12_351FS010:ITGAVB2,CXCL12_351FS010,ITGAVB2
CXCL12_351FS010:LAMA3,CXCL12_351FS010,LAMA3
CXCL12_351FS010:LAMB1,CXCL12_351FS010,LAMB1
CXCL12_351FS010:LUM,CXCL12_351FS010,LUM
CXCL12_351FS010:NID1,CXCL12_351FS010,NID1
CXCL12_351FS010:OMD,CXCL12_351FS010,OMD
CXCL12_351FS010:PECAM1,CXCL12_351FS010,PECAM1
CXCL12_351FS010:POSTN,CXCL12_351FS010,POSTN
CXCL12_351FS010:SPARC,CXCL12_351FS010,SPARC
CXCL12_351FS010:SPP1,CXCL12_351FS010,SPP1
CXCL12_351FS010:THBS1,CXCL12_351FS010,THBS1
CXCL12_351FS010:TNC,CXCL12_351FS010,TNC
CXCL12_351FS010:VCAM1,CXCL12_351FS010,VCAM1
CXCL12_351FS010:VTN,CXCL12_351FS010,VTN
CXCL12_351FS010:blank,CXCL12_351FS010,blank
CXCL8:ALCAM,CXCL8,ALCAM
CXCL8:BCAN,CXCL8,BCAN
CXCL8:BGN,CXCL8,BGN
CXCL8:CD44,CXCL8,CD44
CXCL8:CDH1,CXCL8,CDH1
CXCL8:CDH15,CXCL8,CDH15
CXCL8:CDH20,CXCL8,CDH20
CXCL8:CDH3,CXCL8,CDH3
CXCL8:CDH6,CXCL8,CDH6
CXCL8:CDH8,CXCL8,CDH8
CXCL8:CEACAM6,CXCL8,CEACAM6
CXCL8:COL1,CXCL8,COL1
CXCL8:COL23A1,CXCL8,COL23A1
CXCL8:COL2A1,CXCL8,COL2A1
CXCL8:COL3A1,CXCL8,COL3A1
CXCL8:COL4A1,CXCL8,COL4A1
CXCL8:COL5A1,CXCL8,COL5A1
CXCL8:DCN,CXCL8,DCN
CXCL8:DSG2,CXCL8,DSG2
CXCL8:ECM1,CXCL8,ECM1
CXCL8:FN1,CXCL8,FN1
CXCL8:GAP43,CXCL8,GAP43
CXCL8:HA500M,CXCL8,HA500M
CXCL8:HA500P,CXCL8,HA500P
CXCL8:ICAM1,CXCL8,ICAM1
CXCL8:ITGA10B1,CXCL8,ITGA10B1
CXCL8:ITGA2B1,CXCL8,ITGA2B1
CXCL8:ITGA3B1,CXCL8,ITGA3B1
CXCL8:ITGA4B1,CXCL8,ITGA4B1
CXCL8:ITGA6B4,CXCL8,ITGA6B4
CXCL8:ITGA9B1,CXCL8,ITGA9B1
CXCL8:ITGAMB2,CXCL8,ITGAMB2
CXCL8:ITGAVB2,CXCL8,ITGAVB2
CXCL8:LAMA3,CXCL8,LAMA3
CXCL8:LAMB1,CXCL8,LAMB1
CXCL8:LUM,CXCL8,LUM
CXCL8:NID1,CXCL8,NID1
CXCL8:OMD,CXCL8,OMD
CXCL8:PECAM1,CXCL8,PECAM1
CXCL8:POSTN,CXCL8,POSTN
CXCL8:SPARC,CXCL8,SPARC
CXCL8:SPP1,CXCL8,SPP1
CXCL8:THBS1,CXCL8,THBS1
CXCL8:TNC,CXCL8,TNC
CXCL8:VCAM1,CXCL8,VCAM1
CXCL8:VTN,CXCL8,VTN
CXCL8:blank,CXCL8,blank
DLL1:ALCAM,DLL1,ALCAM
DLL1:BCAN,DLL1,BCAN
DLL1:BGN,DLL1,BGN
DLL1:CD44,DLL1,CD44
DLL1:CDH1,DLL1,CDH1
DLL1:CDH15,DLL1,CDH15
DLL1:CDH20,DLL1,CDH20
DLL1:CDH3,DLL1,CDH3
DLL1:CDH6,DLL1,CDH6
DLL1:CDH8,DLL1,CDH8
DLL1:CEACAM6,DLL1,CEACAM6
DLL1:COL1,DLL1,COL1
DLL1:COL23A1,DLL1,COL23A1
DLL1:COL2A1,DLL1,COL2A1
DLL1:COL3A1,DLL1,COL3A1
DLL1:COL4A1,DLL1,COL4A1
DLL1:COL5A1,DLL1,COL5A1
DLL1:DCN,DLL1,DCN
DLL1:DSG2,DLL1,DSG2
DLL1:ECM1,DLL1,ECM1
DLL1:FN1,DLL1,FN1
DLL1:GAP43,DLL1,GAP43
DLL1:HA500M,DLL1,HA500M
DLL1:HA500P,DLL1,HA500P
DLL1:ICAM1,DLL1,ICAM1
DLL1:ITGA10B1,DLL1,ITGA10B1
DLL1:ITGA2B1,DLL1,ITGA2B1
DLL1:ITGA3B1,DLL1,ITGA3B1
DLL1:ITGA4B1,DLL1,ITGA4B1
DLL1:ITGA6B4,DLL1,ITGA6B4
DLL1:ITGA9B1,DLL1,ITGA9B1
DLL1:ITGAMB2,DLL1,ITGAMB2
DLL1:ITGAVB2,DLL1,ITGAVB2
DLL1:LAMA3,DLL1,LAMA3
DLL1:LAMB1,DLL1,LAMB1
DLL1:LUM,DLL1,LUM
DLL1:NID1,DLL1,NID1
DLL1:OMD,DLL1,OMD
DLL1:PECAM1,DLL1,PECAM1
DLL1:POSTN,DLL1,POSTN
DLL1:SPARC,DLL1,SPARC
DLL1:SPP1,DLL1,SPP1
DLL1:THBS1,DLL1,THBS1
DLL1:TNC,DLL1,TNC
DLL1:VCAM1,DLL1,VCAM1
DLL1:VTN,DLL1,VTN
DLL1:blank,DLL1,blank
DLL4:ALCAM,DLL4,ALCAM
DLL4:BCAN,DLL4,BCAN
DLL4:BGN,DLL4,BGN
DLL4:CD44,DLL4,CD44
DLL4:CDH1,DLL4,CDH1
DLL4:CDH15,DLL4,CDH15
DLL4:CDH20,DLL4,CDH20
DLL4:CDH3,DLL4,CDH3
DLL4:CDH6,DLL4,CDH6
DLL4:CDH8,DLL4,CDH8
DLL4:CEACAM6,DLL4,CEACAM6
DLL4:COL1,DLL4,COL1
DLL4:COL23A1,DLL4,COL23A1
DLL4:COL2A1,DLL4,COL2A1
DLL4:COL3A1,DLL4,COL3A1
DLL4:COL4A1,DLL4,COL4A1
DLL4:COL5A1,DLL4,COL5A1
DLL4:DCN,DLL4,DCN
DLL4:DSG2,DLL4,DSG2
DLL4:ECM1,DLL4,ECM1
DLL4:FN1,DLL4,FN1
DLL4:GAP43,DLL4,GAP43
DLL4:HA500M,DLL4,HA500M
DLL4:HA500P,DLL4,HA500P
DLL4:ICAM1,DLL4,ICAM1
DLL4:ITGA10B1,DLL4,ITGA10B1
DLL4:ITGA2B1,DLL4,ITGA2B1
DLL4:ITGA3B1,DLL4,ITGA3B1
DLL4:ITGA4B1,DLL4,ITGA4B1
DLL4:ITGA6B4,DLL4,ITGA6B4
DLL4:ITGA9B1,DLL4,ITGA9B1
DLL4:ITGAMB2,DLL4,ITGAMB2
DLL4:ITGAVB2,DLL4,ITGAVB2
DLL4:LAMA3,DLL4,LAMA3
DLL4:LAMB1,DLL4,LAMB1
DLL4:LUM,DLL4,LUM
DLL4:NID1,DLL4,NID1
DLL4:OMD,DLL4,OMD
DLL4:PECAM1,DLL4,PECAM1
DLL4:POSTN,DLL4,POSTN
DLL4:SPARC,DLL4,SPARC
DLL4:SPP1,DLL4,SPP1
DLL4:THBS1,DLL4,THBS1
DLL4:TNC,DLL4,TNC
DLL4:VCAM1,DLL4,VCAM1
DLL4:VTN,DLL4,VTN
DLL4:blank,DLL4,blank
EGF:ALCAM,EGF,ALCAM
EGF:BCAN,EGF,BCAN
EGF:BGN,EGF,BGN
EGF:CD44,EGF,CD44
EGF:CDH1,EGF,CDH1
EGF:CDH15,EGF,CDH15
EGF:CDH20,EGF,CDH20
EGF:CDH3,EGF,CDH3
EGF:CDH6,EGF,CDH6
EGF:CDH8,EGF,CDH8
EGF:CEACAM6,EGF,CEACAM6
EGF:COL1,EGF,COL1
EGF:COL23A1,EGF,COL23A1
EGF:COL2A1,EGF,COL2A1
EGF:COL3A1,EGF,COL3A1
EGF:COL4A1,EGF,COL4A1
EGF:COL5A1,EGF,COL5A1
EGF:DCN,EGF,DCN
EGF:DSG2,EGF,DSG2
EGF:ECM1,EGF,ECM1
EGF:FN1,EGF,FN1
EGF:GAP43,EGF,GAP43
EGF:HA500M,EGF,HA500M
EGF:HA500P,EGF,HA500P
EGF:ICAM1,EGF,ICAM1
EGF:ITGA10B1,EGF,ITGA10B1
EGF:ITGA2B1,EGF,ITGA2B1
EGF:ITGA3B1,EGF,ITGA3B1
EGF:ITGA4B1,EGF,ITGA4B1
EGF:ITGA6B4,EGF,ITGA6B4
EGF:ITGA9B1,EGF,ITGA9B1
EGF:ITGAMB2,EGF,ITGAMB2
EGF:ITGAVB2,EGF,ITGAVB2
EGF:LAMA3,EGF,LAMA3
EGF:LAMB1,EGF,LAMB1
EGF:LUM,EGF,LUM
EGF:NID1,EGF,NID1
EGF:OMD,EGF,OMD
EGF:PECAM1,EGF,PECAM1
EGF:POSTN,EGF,POSTN
EGF:SPARC,EGF,SPARC
EGF:SPP1,EGF,SPP1
EGF:THBS1,EGF,THBS1
EGF:TNC,EGF,TNC
EGF:VCAM1,EGF,VCAM1
EGF:VTN,EGF,VTN
EGF:blank,EGF,blank
FBS:ALCAM,FBS,ALCAM
FBS:BCAN,FBS,BCAN
FBS:BGN,FBS,BGN
FBS:CD44,FBS,CD44
FBS:CDH1,FBS,CDH1
FBS:CDH15,FBS,CDH15
FBS:CDH20,FBS,CDH20
FBS:CDH3,FBS,CDH3
FBS:CDH6,FBS,CDH6
FBS:CDH8,FBS,CDH8
FBS:CEACAM6,FBS,CEACAM6
FBS:COL1,FBS,COL1
FBS:COL23A1,FBS,COL23A1
FBS:COL2A1,FBS,COL2A1
FBS:COL3A1,FBS,COL3A1
FBS:COL4A1,FBS,COL4A1
FBS:COL5A1,FBS,COL5A1
FBS:DCN,FBS,DCN
FBS:DSG2,FBS,DSG2
FBS:ECM1,FBS,ECM1
FBS:FN1,FBS,FN1
FBS:GAP43,FBS,GAP43
FBS:HA500M,FBS,HA500M
FBS:HA500P,FBS,HA500P
FBS:ICAM1,FBS,ICAM1
FBS:ITGA10B1,FBS,ITGA10B1
FBS:ITGA2B1,FBS,ITGA2B1
FBS:ITGA3B1,FBS,ITGA3B1
FBS:ITGA4B1,FBS,ITGA4B1
FBS:ITGA6B4,FBS,ITGA6B4
FBS:ITGA9B1,FBS,ITGA9B1
FBS:ITGAMB2,FBS,ITGAMB2
FBS:ITGAVB2,FBS,ITGAVB2
FBS:LAMA3,FBS,LAMA3
FBS:LAMB1,FBS,LAMB1
FBS:LUM,FBS,LUM
FBS:NID1,FBS,NID1
FBS:OMD,FBS,OMD
FBS:PECAM1,FBS,PECAM1
FBS:POSTN,FBS,POSTN
FBS:SPARC,FBS,SPARC
FBS:SPP1,FBS,SPP1
FBS:THBS1,FBS,THBS1
FBS:TNC,FBS,TNC
FBS:VCAM1,FBS,VCAM1
FBS:VTN,FBS,VTN
FBS:blank,FBS,blank
FGF2:ALCAM,FGF2,ALCAM
FGF2:BCAN,FGF2,BCAN
FGF2:BGN,FGF2,BGN
FGF2:CD44,FGF2,CD44
FGF2:CDH1,FGF2,CDH1
FGF2:CDH15,FGF2,CDH15
FGF2:CDH20,FGF2,CDH20
FGF2:CDH3,FGF2,CDH3
FGF2:CDH6,FGF2,CDH6
FGF2:CDH8,FGF2,CDH8
FGF2:CEACAM6,FGF2,CEACAM6
FGF2:COL1,FGF2,COL1
FGF2:COL23A1,FGF2,COL23A1
FGF2:COL2A1,FGF2,COL2A1
FGF2:COL3A1,FGF2,COL3A1
FGF2:COL4A1,FGF2,COL4A1
FGF2:COL5A1,FGF2,COL5A1
FGF2:DCN,FGF2,DCN
FGF2:DSG2,FGF2,DSG2
FGF2:ECM1,FGF2,ECM1
FGF2:FN1,FGF2,FN1
FGF2:GAP43,FGF2,GAP43
FGF2:HA500M,FGF2,HA500M
FGF2:HA500P,FGF2,HA500P
FGF2:ICAM1,FGF2,ICAM1
FGF2:ITGA10B1,FGF2,ITGA10B1
FGF2:ITGA2B1,FGF2,ITGA2B1
FGF2:ITGA3B1,FGF2,ITGA3B1
FGF2:ITGA4B1,FGF2,ITGA4B1
FGF2:ITGA6B4,FGF2,ITGA6B4
FGF2:ITGA9B1,FGF2,ITGA9B1
FGF2:ITGAMB2,FGF2,ITGAMB2
FGF2:ITGAVB2,FGF2,ITGAVB2
FGF2:LAMA3,FGF2,LAMA3
FGF2:LAMB1,FGF2,LAMB1
FGF2:LUM,FGF2,LUM
FGF2:NID1,FGF2,NID1
FGF2:OMD,FGF2,OMD
FGF2:PECAM1,FGF2,PECAM1
FGF2:POSTN,FGF2,POSTN
FGF2:SPARC,FGF2,SPARC
FGF2:SPP1,FGF2,SPP1
FGF2:THBS1,FGF2,THBS1
FGF2:TNC,FGF2,TNC
FGF2:VCAM1,FGF2,VCAM1
FGF2:VTN,FGF2,VTN
FGF2:blank,FGF2,blank
FGF6:ALCAM,FGF6,ALCAM
FGF6:BCAN,FGF6,BCAN
FGF6:BGN,FGF6,BGN
FGF6:CD44,FGF6,CD44
FGF6:CDH1,FGF6,CDH1
FGF6:CDH15,FGF6,CDH15
FGF6:CDH20,FGF6,CDH20
FGF6:CDH3,FGF6,CDH3
FGF6:CDH6,FGF6,CDH6
FGF6:CDH8,FGF6,CDH8
FGF6:CEACAM6,FGF6,CEACAM6
FGF6:COL1,FGF6,COL1
FGF6:COL23A1,FGF6,COL23A1
FGF6:COL2A1,FGF6,COL2A1
FGF6:COL3A1,FGF6,COL3A1
FGF6:COL4A1,FGF6,COL4A1
FGF6:COL5A1,FGF6,COL5A1
FGF6:DCN,FGF6,DCN
FGF6:DSG2,FGF6,DSG2
FGF6:ECM1,FGF6,ECM1
FGF6:FN1,FGF6,FN1
FGF6:GAP43,FGF6,GAP43
FGF6:HA500M,FGF6,HA500M
FGF6:HA500P,FGF6,HA500P
FGF6:ICAM1,FGF6,ICAM1
FGF6:ITGA10B1,FGF6,ITGA10B1
FGF6:ITGA2B1,FGF6,ITGA2B1
FGF6:ITGA3B1,FGF6,ITGA3B1
FGF6:ITGA4B1,FGF6,ITGA4B1
FGF6:ITGA6B4,FGF6,ITGA6B4
FGF6:ITGA9B1,FGF6,ITGA9B1
FGF6:ITGAMB2,FGF6,ITGAMB2
FGF6:ITGAVB2,FGF6,ITGAVB2
FGF6:LAMA3,FGF6,LAMA3
FGF6:LAMB1,FGF6,LAMB1
FGF6:LUM,FGF6,LUM
FGF6:NID1,FGF6,NID1
FGF6:OMD,FGF6,OMD
FGF6:PECAM1,FGF6,PECAM1
FGF6:POSTN,FGF6,POSTN
FGF6:SPARC,FGF6,SPARC
FGF6:SPP1,FGF6,SPP1
FGF6:THBS1,FGF6,THBS1
FGF6:TNC,FGF6,TNC
FGF6:VCAM1,FGF6,VCAM1
FGF6:VTN,FGF6,VTN
FGF6:blank,FGF6,blank
FLT3LG:ALCAM,FLT3LG,ALCAM
FLT3LG:BCAN,FLT3LG,BCAN
FLT3LG:BGN,FLT3LG,BGN
FLT3LG:CD44,FLT3LG,CD44
FLT3LG:CDH1,FLT3LG,CDH1
FLT3LG:CDH15,FLT3LG,CDH15
FLT3LG:CDH20,FLT3LG,CDH20
FLT3LG:CDH3,FLT3LG,CDH3
FLT3LG:CDH6,FLT3LG,CDH6
FLT3LG:CDH8,FLT3LG,CDH8
FLT3LG:CEACAM6,FLT3LG,CEACAM6
FLT3LG:COL1,FLT3LG,COL1
FLT3LG:COL23A1,FLT3LG,COL23A1
FLT3LG:COL2A1,FLT3LG,COL2A1
FLT3LG:COL3A1,FLT3LG,COL3A1
FLT3LG:COL4A1,FLT3LG,COL4A1
FLT3LG:COL5A1,FLT3LG,COL5A1
FLT3LG:DCN,FLT3LG,DCN
FLT3LG:DSG2,FLT3LG,DSG2
FLT3LG:ECM1,FLT3LG,ECM1
FLT3LG:FN1,FLT3LG,FN1
FLT3LG:GAP43,FLT3LG,GAP43
FLT3LG:HA500M,FLT3LG,HA500M
FLT3LG:HA500P,FLT3LG,HA500P
FLT3LG:ICAM1,FLT3LG,ICAM1
FLT3LG:ITGA10B1,FLT3LG,ITGA10B1
FLT3LG:ITGA2B1,FLT3LG,ITGA2B1
FLT3LG:ITGA3B1,FLT3LG,ITGA3B1
FLT3LG:ITGA4B1,FLT3LG,ITGA4B1
FLT3LG:ITGA6B4,FLT3LG,ITGA6B4
FLT3LG:ITGA9B1,FLT3LG,ITGA9B1
FLT3LG:ITGAMB2,FLT3LG,ITGAMB2
FLT3LG:ITGAVB2,FLT3LG,ITGAVB2
FLT3LG:LAMA3,FLT3LG,LAMA3
FLT3LG:LAMB1,FLT3LG,LAMB1
FLT3LG:LUM,FLT3LG,LUM
FLT3LG:NID1,FLT3LG,NID1
FLT3LG:OMD,FLT3LG,OMD
FLT3LG:PECAM1,FLT3LG,PECAM1
FLT3LG:POSTN,FLT3LG,POSTN
FLT3LG:SPARC,FLT3LG,SPARC
FLT3LG:SPP1,FLT3LG,SPP1
FLT3LG:THBS1,FLT3LG,THBS1
FLT3LG:TNC,FLT3LG,TNC
FLT3LG:VCAM1,FLT3LG,VCAM1
FLT3LG:VTN,FLT3LG,VTN
FLT3LG:blank,FLT3LG,blank
GPNMB:ALCAM,GPNMB,ALCAM
GPNMB:BCAN,GPNMB,BCAN
GPNMB:BGN,GPNMB,BGN
GPNMB:CD44,GPNMB,CD44
GPNMB:CDH1,GPNMB,CDH1
GPNMB:CDH15,GPNMB,CDH15
GPNMB:CDH20,GPNMB,CDH20
GPNMB:CDH3,GPNMB,CDH3
GPNMB:CDH6,GPNMB,CDH6
GPNMB:CDH8,GPNMB,CDH8
GPNMB:CEACAM6,GPNMB,CEACAM6
GPNMB:COL1,GPNMB,COL1
GPNMB:COL23A1,GPNMB,COL23A1
GPNMB:COL2A1,GPNMB,COL2A1
GPNMB:COL3A1,GPNMB,COL3A1
GPNMB:COL4A1,GPNMB,COL4A1
GPNMB:COL5A1,GPNMB,COL5A1
GPNMB:DCN,GPNMB,DCN
GPNMB:DSG2,GPNMB,DSG2
GPNMB:ECM1,GPNMB,ECM1
GPNMB:FN1,GPNMB,FN1
GPNMB:GAP43,GPNMB,GAP43
GPNMB:HA500M,GPNMB,HA500M
GPNMB:HA500P,GPNMB,HA500P
GPNMB:ICAM1,GPNMB,ICAM1
GPNMB:ITGA10B1,GPNMB,ITGA10B1
GPNMB:ITGA2B1,GPNMB,ITGA2B1
GPNMB:ITGA3B1,GPNMB,ITGA3B1
GPNMB:ITGA4B1,GPNMB,ITGA4B1
GPNMB:ITGA6B4,GPNMB,ITGA6B4
GPNMB:ITGA9B1,GPNMB,ITGA9B1
GPNMB:ITGAMB2,GPNMB,ITGAMB2
GPNMB:ITGAVB2,GPNMB,ITGAVB2
GPNMB:LAMA3,GPNMB,LAMA3
GPNMB:LAMB1,GPNMB,LAMB1
GPNMB:LUM,GPNMB,LUM
GPNMB:NID1,GPNMB,NID1
GPNMB:OMD,GPNMB,OMD
GPNMB:PECAM1,GPNMB,PECAM1
GPNMB:POSTN,GPNMB,POSTN
GPNMB:SPARC,GPNMB,SPARC
GPNMB:SPP1,GPNMB,SPP1
GPNMB:THBS1,GPNMB,THBS1
GPNMB:TNC,GPNMB,TNC
GPNMB:VCAM1,GPNMB,VCAM1
GPNMB:VTN,GPNMB,VTN
GPNMB:blank,GPNMB,blank
HGF:ALCAM,HGF,ALCAM
HGF:BCAN,HGF,BCAN
HGF:BGN,HGF,BGN
HGF:CD44,HGF,CD44
HGF:CDH1,HGF,CDH1
HGF:CDH15,HGF,CDH15
HGF:CDH20,HGF,CDH20
HGF:CDH3,HGF,CDH3
HGF:CDH6,HGF,CDH6
HGF:CDH8,HGF,CDH8
HGF:CEACAM6,HGF,CEACAM6
HGF:COL1,HGF,COL1
HGF:COL23A1,HGF,COL23A1
HGF:COL2A1,HGF,COL2A1
HGF:COL3A1,HGF,COL3A1
HGF:COL4A1,HGF,COL4A1
HGF:COL5A1,HGF,COL5A1
HGF:DCN,HGF,DCN
HGF:DSG2,HGF,DSG2
HGF:ECM1,HGF,ECM1
HGF:FN1,HGF,FN1
HGF:GAP43,HGF,GAP43
HGF:HA500M,HGF,HA500M
HGF:HA500P,HGF,HA500P
HGF:ICAM1,HGF,ICAM1
HGF:ITGA10B1,HGF,ITGA10B1
HGF:ITGA2B1,HGF,ITGA2B1
HGF:ITGA3B1,HGF,ITGA3B1
HGF:ITGA4B1,HGF,ITGA4B1
HGF:ITGA6B4,HGF,ITGA6B4
HGF:ITGA9B1,HGF,ITGA9B1
HGF:ITGAMB2,HGF,ITGAMB2
HGF:ITGAVB2,HGF,ITGAVB2
HGF:LAMA3,HGF,LAMA3
HGF:LAMB1,HGF,LAMB1
HGF:LUM,HGF,LUM
HGF:NID1,HGF,NID1
HGF:OMD,HGF,OMD
HGF:PECAM1,HGF,PECAM1
HGF:POSTN,HGF,POSTN
HGF:SPARC,HGF,SPARC
HGF:SPP1,HGF,SPP1
HGF:THBS1,HGF,THBS1
HGF:TNC,HGF,TNC
HGF:VCAM1,HGF,VCAM1
HGF:VTN,HGF,VTN
HGF:blank,HGF,blank
IGF1:ALCAM,IGF1,ALCAM
IGF1:BCAN,IGF1,BCAN
IGF1:BGN,IGF1,BGN
IGF1:CD44,IGF1,CD44
IGF1:CDH1,IGF1,CDH1
IGF1:CDH15,IGF1,CDH15
IGF1:CDH20,IGF1,CDH20
IGF1:CDH3,IGF1,CDH3
IGF1:CDH6,IGF1,CDH6
IGF1:CDH8,IGF1,CDH8
IGF1:CEACAM6,IGF1,CEACAM6
IGF1:COL1,IGF1,COL1
IGF1:COL23A1,IGF1,COL23A1
IGF1:COL2A1,IGF1,COL2A1
IGF1:COL3A1,IGF1,COL3A1
IGF1:COL4A1,IGF1,COL4A1
IGF1:COL5A1,IGF1,COL5A1
IGF1:DCN,IGF1,DCN
IGF1:DSG2,IGF1,DSG2
IGF1:ECM1,IGF1,ECM1
IGF1:FN1,IGF1,FN1
IGF1:GAP43,IGF1,GAP43
IGF1:HA500M,IGF1,HA500M
IGF1:HA500P,IGF1,HA500P
IGF1:ICAM1,IGF1,ICAM1
IGF1:ITGA10B1,IGF1,ITGA10B1
IGF1:ITGA2B1,IGF1,ITGA2B1
IGF1:ITGA3B1,IGF1,ITGA3B1
IGF1:ITGA4B1,IGF1,ITGA4B1
IGF1:ITGA6B4,IGF1,ITGA6B4
IGF1:ITGA9B1,IGF1,ITGA9B1
IGF1:ITGAMB2,IGF1,ITGAMB2
IGF1:ITGAVB2,IGF1,ITGAVB2
IGF1:LAMA3,IGF1,LAMA3
IGF1:LAMB1,IGF1,LAMB1
IGF1:LUM,IGF1,LUM
IGF1:NID1,IGF1,NID1
IGF1:OMD,IGF1,OMD
IGF1:PECAM1,IGF1,PECAM1
IGF1:POSTN,IGF1,POSTN
IGF1:SPARC,IGF1,SPARC
IGF1:SPP1,IGF1,SPP1
IGF1:THBS1,IGF1,THBS1
IGF1:TNC,IGF1,TNC
IGF1:VCAM1,IGF1,VCAM1
IGF1:VTN,IGF1,VTN
IGF1:blank,IGF1,blank
IGFBP2:ALCAM,IGFBP2,ALCAM
IGFBP2:BCAN,IGFBP2,BCAN
IGFBP2:BGN,IGFBP2,BGN
IGFBP2:CD44,IGFBP2,CD44
IGFBP2:CDH1,IGFBP2,CDH1
IGFBP2:CDH15,IGFBP2,CDH15
IGFBP2:CDH20,IGFBP2,CDH20
IGFBP2:CDH3,IGFBP2,CDH3
IGFBP2:CDH6,IGFBP2,CDH6
IGFBP2:CDH8,IGFBP2,CDH8
IGFBP2:CEACAM6,IGFBP2,CEACAM6
IGFBP2:COL1,IGFBP2,COL1
IGFBP2:COL23A1,IGFBP2,COL23A1
IGFBP2:COL2A1,IGFBP2,COL2A1
IGFBP2:COL3A1,IGFBP2,COL3A1
IGFBP2:COL4A1,IGFBP2,COL4A1
IGFBP2:COL5A1,IGFBP2,COL5A1
IGFBP2:DCN,IGFBP2,DCN
IGFBP2:DSG2,IGFBP2,DSG2
IGFBP2:ECM1,IGFBP2,ECM1
IGFBP2:FN1,IGFBP2,FN1
IGFBP2:GAP43,IGFBP2,GAP43
IGFBP2:HA500M,IGFBP2,HA500M
IGFBP2:HA500P,IGFBP2,HA500P
IGFBP2:ICAM1,IGFBP2,ICAM1
IGFBP2:ITGA10B1,IGFBP2,ITGA10B1
IGFBP2:ITGA2B1,IGFBP2,ITGA2B1
IGFBP2:ITGA3B1,IGFBP2,ITGA3B1
IGFBP2:ITGA4B1,IGFBP2,ITGA4B1
IGFBP2:ITGA6B4,IGFBP2,ITGA6B4
IGFBP2:ITGA9B1,IGFBP2,ITGA9B1
IGFBP2:ITGAMB2,IGFBP2,ITGAMB2
IGFBP2:ITGAVB2,IGFBP2,ITGAVB2
IGFBP2:LAMA3,IGFBP2,LAMA3
IGFBP2:LAMB1,IGFBP2,LAMB1
IGFBP2:LUM,IGFBP2,LUM
IGFBP2:NID1,IGFBP2,NID1
IGFBP2:OMD,IGFBP2,OMD
IGFBP2:PECAM1,IGFBP2,PECAM1
IGFBP2:POSTN,IGFBP2,POSTN
IGFBP2:SPARC,IGFBP2,SPARC
IGFBP2:SPP1,IGFBP2,SPP1
IGFBP2:THBS1,IGFBP2,THBS1
IGFBP2:TNC,IGFBP2,TNC
IGFBP2:VCAM1,IGFBP2,VCAM1
IGFBP2:VTN,IGFBP2,VTN
IGFBP2:blank,IGFBP2,blank
IGFBP3:ALCAM,IGFBP3,ALCAM
IGFBP3:BCAN,IGFBP3,BCAN
IGFBP3:BGN,IGFBP3,BGN
IGFBP3:CD44,IGFBP3,CD44
IGFBP3:CDH1,IGFBP3,CDH1
IGFBP3:CDH15,IGFBP3,CDH15
IGFBP3:CDH20,IGFBP3,CDH20
IGFBP3:CDH3,IGFBP3,CDH3
IGFBP3:CDH6,IGFBP3,CDH6
IGFBP3:CDH8,IGFBP3,CDH8
IGFBP3:CEACAM6,IGFBP3,CEACAM6
IGFBP3:COL1,IGFBP3,COL1
IGFBP3:COL23A1,IGFBP3,COL23A1
IGFBP3:COL2A1,IGFBP3,COL2A1
IGFBP3:COL3A1,IGFBP3,COL3A1
IGFBP3:COL4A1,IGFBP3,COL4A1
IGFBP3:COL5A1,IGFBP3,COL5A1
IGFBP3:DCN,IGFBP3,DCN
IGFBP3:DSG2,IGFBP3,DSG2
IGFBP3:ECM1,IGFBP3,ECM1
IGFBP3:FN1,IGFBP3,FN1
IGFBP3:GAP43,IGFBP3,GAP43
IGFBP3:HA500M,IGFBP3,HA500M
IGFBP3:HA500P,IGFBP3,HA500P
IGFBP3:ICAM1,IGFBP3,ICAM1
IGFBP3:ITGA10B1,IGFBP3,ITGA10B1
IGFBP3:ITGA2B1,IGFBP3,ITGA2B1
IGFBP3:ITGA3B1,IGFBP3,ITGA3B1
IGFBP3:ITGA4B1,IGFBP3,ITGA4B1
IGFBP3:ITGA6B4,IGFBP3,ITGA6B4
IGFBP3:ITGA9B1,IGFBP3,ITGA9B1
IGFBP3:ITGAMB2,IGFBP3,ITGAMB2
IGFBP3:ITGAVB2,IGFBP3,ITGAVB2
IGFBP3:LAMA3,IGFBP3,LAMA3
IGFBP3:LAMB1,IGFBP3,LAMB1
IGFBP3:LUM,IGFBP3,LUM
IGFBP3:NID1,IGFBP3,NID1
IGFBP3:OMD,IGFBP3,OMD
IGFBP3:PECAM1,IGFBP3,PECAM1
IGFBP3:POSTN,IGFBP3,POSTN
IGFBP3:SPARC,IGFBP3,SPARC
IGFBP3:SPP1,IGFBP3,SPP1
IGFBP3:THBS1,IGFBP3,THBS1
IGFBP3:TNC,IGFBP3,TNC
IGFBP3:VCAM1,IGFBP3,VCAM1
IGFBP3:VTN,IGFBP3,VTN
IGFBP3:blank,IGFBP3,blank
IL13:ALCAM,IL13,ALCAM
IL13:BCAN,IL13,BCAN
IL13:BGN,IL13,BGN
IL13:CD44,IL13,CD44
IL13:CDH1,IL13,CDH1
IL13:CDH15,IL13,CDH15
IL13:CDH20,IL13,CDH20
IL13:CDH3,IL13,CDH3
IL13:CDH6,IL13,CDH6
IL13:CDH8,IL13,CDH8
IL13:CEACAM6,IL13,CEACAM6
IL13:COL1,IL13,COL1
IL13:COL23A1,IL13,COL23A1
IL13:COL2A1,IL13,COL2A1
IL13:COL3A1,IL13,COL3A1
IL13:COL4A1,IL13,COL4A1
IL13:COL5A1,IL13,COL5A1
IL13:DCN,IL13,DCN
IL13:DSG2,IL13,DSG2
IL13:ECM1,IL13,ECM1
IL13:FN1,IL13,FN1
IL13:GAP43,IL13,GAP43
IL13:HA500M,IL13,HA500M
IL13:HA500P,IL13,HA500P
IL13:ICAM1,IL13,ICAM1
IL13:ITGA10B1,IL13,ITGA10B1
IL13:ITGA2B1,IL13,ITGA2B1
IL13:ITGA3B1,IL13,ITGA3B1
IL13:ITGA4B1,IL13,ITGA4B1
IL13:ITGA6B4,IL13,ITGA6B4
IL13:ITGA9B1,IL13,ITGA9B1
IL13:ITGAMB2,IL13,ITGAMB2
IL13:ITGAVB2,IL13,ITGAVB2
IL13:LAMA3,IL13,LAMA3
IL13:LAMB1,IL13,LAMB1
IL13:LUM,IL13,LUM
IL13:NID1,IL13,NID1
IL13:OMD,IL13,OMD
IL13:PECAM1,IL13,PECAM1
IL13:POSTN,IL13,POSTN
IL13:SPARC,IL13,SPARC
IL13:SPP1,IL13,SPP1
IL13:THBS1,IL13,THBS1
IL13:TNC,IL13,TNC
IL13:VCAM1,IL13,VCAM1
IL13:VTN,IL13,VTN
IL13:blank,IL13,blank
IL15:ALCAM,IL15,ALCAM
IL15:BCAN,IL15,BCAN
IL15:BGN,IL15,BGN
IL15:CD44,IL15,CD44
IL15:CDH1,IL15,CDH1
IL15:CDH15,IL15,CDH15
IL15:CDH20,IL15,CDH20
IL15:CDH3,IL15,CDH3
IL15:CDH6,IL15,CDH6
IL15:CDH8,IL15,CDH8
IL15:CEACAM6,IL15,CEACAM6
IL15:COL1,IL15,COL1
IL15:COL23A1,IL15,COL23A1
IL15:COL2A1,IL15,COL2A1
IL15:COL3A1,IL15,COL3A1
IL15:COL4A1,IL15,COL4A1
IL15:COL5A1,IL15,COL5A1
IL15:DCN,IL15,DCN
IL15:DSG2,IL15,DSG2
IL15:ECM1,IL15,ECM1
IL15:FN1,IL15,FN1
IL15:GAP43,IL15,GAP43
IL15:HA500M,IL15,HA500M
IL15:HA500P,IL15,HA500P
IL15:ICAM1,IL15,ICAM1
IL15:ITGA10B1,IL15,ITGA10B1
IL15:ITGA2B1,IL15,ITGA2B1
IL15:ITGA3B1,IL15,ITGA3B1
IL15:ITGA4B1,IL15,ITGA4B1
IL15:ITGA6B4,IL15,ITGA6B4
IL15:ITGA9B1,IL15,ITGA9B1
IL15:ITGAMB2,IL15,ITGAMB2
IL15:ITGAVB2,IL15,ITGAVB2
IL15:LAMA3,IL15,LAMA3
IL15:LAMB1,IL15,LAMB1
IL15:LUM,IL15,LUM
IL15:NID1,IL15,NID1
IL15:OMD,IL15,OMD
IL15:PECAM1,IL15,PECAM1
IL15:POSTN,IL15,POSTN
IL15:SPARC,IL15,SPARC
IL15:SPP1,IL15,SPP1
IL15:THBS1,IL15,THBS1
IL15:TNC,IL15,TNC
IL15:VCAM1,IL15,VCAM1
IL15:VTN,IL15,VTN
IL15:blank,IL15,blank
IL1B:ALCAM,IL1B,ALCAM
IL1B:BCAN,IL1B,BCAN
IL1B:BGN,IL1B,BGN
IL1B:CD44,IL1B,CD44
IL1B:CDH1,IL1B,CDH1
IL1B:CDH15,IL1B,CDH15
IL1B:CDH20,IL1B,CDH20
IL1B:CDH3,IL1B,CDH3
IL1B:CDH6,IL1B,CDH6
IL1B:CDH8,IL1B,CDH8
IL1B:CEACAM6,IL1B,CEACAM6
IL1B:COL1,IL1B,COL1
IL1B:COL23A1,IL1B,COL23A1
IL1B:COL2A1,IL1B,COL2A1
IL1B:COL3A1,IL1B,COL3A1
IL1B:COL4A1,IL1B,COL4A1
IL1B:COL5A1,IL1B,COL5A1
IL1B:DCN,IL1B,DCN
IL1B:DSG2,IL1B,DSG2
IL1B:ECM1,IL1B,ECM1
IL1B:FN1,IL1B,FN1
IL1B:GAP43,IL1B,GAP43
IL1B:HA500M,IL1B,HA500M
IL1B:HA500P,IL1B,HA500P
IL1B:ICAM1,IL1B,ICAM1
IL1B:ITGA10B1,IL1B,ITGA10B1
IL1B:ITGA2B1,IL1B,ITGA2B1
IL1B:ITGA3B1,IL1B,ITGA3B1
IL1B:ITGA4B1,IL1B,ITGA4B1
IL1B:ITGA6B4,IL1B,ITGA6B4
IL1B:ITGA9B1,IL1B,ITGA9B1
IL1B:ITGAMB2,IL1B,ITGAMB2
IL1B:ITGAVB2,IL1B,ITGAVB2
IL1B:LAMA3,IL1B,LAMA3
IL1B:LAMB1,IL1B,LAMB1
IL1B:LUM,IL1B,LUM
IL1B:NID1,IL1B,NID1
IL1B:OMD,IL1B,OMD
IL1B:PECAM1,IL1B,PECAM1
IL1B:POSTN,IL1B,POSTN
IL1B:SPARC,IL1B,SPARC
IL1B:SPP1,IL1B,SPP1
IL1B:THBS1,IL1B,THBS1
IL1B:TNC,IL1B,TNC
IL1B:VCAM1,IL1B,VCAM1
IL1B:VTN,IL1B,VTN
IL1B:blank,IL1B,blank
IL6:ALCAM,IL6,ALCAM
IL6:BCAN,IL6,BCAN
IL6:BGN,IL6,BGN
IL6:CD44,IL6,CD44
IL6:CDH1,IL6,CDH1
IL6:CDH15,IL6,CDH15
IL6:CDH20,IL6,CDH20
IL6:CDH3,IL6,CDH3
IL6:CDH6,IL6,CDH6
IL6:CDH8,IL6,CDH8
IL6:CEACAM6,IL6,CEACAM6
IL6:COL1,IL6,COL1
IL6:COL23A1,IL6,COL23A1
IL6:COL2A1,IL6,COL2A1
IL6:COL3A1,IL6,COL3A1
IL6:COL4A1,IL6,COL4A1
IL6:COL5A1,IL6,COL5A1
IL6:DCN,IL6,DCN
IL6:DSG2,IL6,DSG2
IL6:ECM1,IL6,ECM1
IL6:FN1,IL6,FN1
IL6:GAP43,IL6,GAP43
IL6:HA500M,IL6,HA500M
IL6:HA500P,IL6,HA500P
IL6:ICAM1,IL6,ICAM1
IL6:ITGA10B1,IL6,ITGA10B1
IL6:ITGA2B1,IL6,ITGA2B1
IL6:ITGA3B1,IL6,ITGA3B1
IL6:ITGA4B1,IL6,ITGA4B1
IL6:ITGA6B4,IL6,ITGA6B4
IL6:ITGA9B1,IL6,ITGA9B1
IL6:ITGAMB2,IL6,ITGAMB2
IL6:ITGAVB2,IL6,ITGAVB2
IL6:LAMA3,IL6,LAMA3
IL6:LAMB1,IL6,LAMB1
IL6:LUM,IL6,LUM
IL6:NID1,IL6,NID1
IL6:OMD,IL6,OMD
IL6:PECAM1,IL6,PECAM1
IL6:POSTN,IL6,POSTN
IL6:SPARC,IL6,SPARC
IL6:SPP1,IL6,SPP1
IL6:THBS1,IL6,THBS1
IL6:TNC,IL6,TNC
IL6:VCAM1,IL6,VCAM1
IL6:VTN,IL6,VTN
IL6:blank,IL6,blank
IL7:ALCAM,IL7,ALCAM
IL7:BCAN,IL7,BCAN
IL7:BGN,IL7,BGN
IL7:CD44,IL7,CD44
IL7:CDH1,IL7,CDH1
IL7:CDH15,IL7,CDH15
IL7:CDH20,IL7,CDH20
IL7:CDH3,IL7,CDH3
IL7:CDH6,IL7,CDH6
IL7:CDH8,IL7,CDH8
IL7:CEACAM6,IL7,CEACAM6
IL7:COL1,IL7,COL1
IL7:COL23A1,IL7,COL23A1
IL7:COL2A1,IL7,COL2A1
IL7:COL3A1,IL7,COL3A1
IL7:COL4A1,IL7,COL4A1
IL7:COL5A1,IL7,COL5A1
IL7:DCN,IL7,DCN
IL7:DSG2,IL7,DSG2
IL7:ECM1,IL7,ECM1
IL7:FN1,IL7,FN1
IL7:GAP43,IL7,GAP43
IL7:HA500M,IL7,HA500M
IL7:HA500P,IL7,HA500P
IL7:ICAM1,IL7,ICAM1
IL7:ITGA10B1,IL7,ITGA10B1
IL7:ITGA2B1,IL7,ITGA2B1
IL7:ITGA3B1,IL7,ITGA3B1
IL7:ITGA4B1,IL7,ITGA4B1
IL7:ITGA6B4,IL7,ITGA6B4
IL7:ITGA9B1,IL7,ITGA9B1
IL7:ITGAMB2,IL7,ITGAMB2
IL7:ITGAVB2,IL7,ITGAVB2
IL7:LAMA3,IL7,LAMA3
IL7:LAMB1,IL7,LAMB1
IL7:LUM,IL7,LUM
IL7:NID1,IL7,NID1
IL7:OMD,IL7,OMD
IL7:PECAM1,IL7,PECAM1
IL7:POSTN,IL7,POSTN
IL7:SPARC,IL7,SPARC
IL7:SPP1,IL7,SPP1
IL7:THBS1,IL7,THBS1
IL7:TNC,IL7,TNC
IL7:VCAM1,IL7,VCAM1
IL7:VTN,IL7,VTN
IL7:blank,IL7,blank
JAG1:ALCAM,JAG1,ALCAM
JAG1:BCAN,JAG1,BCAN
JAG1:BGN,JAG1,BGN
JAG1:CD44,JAG1,CD44
JAG1:CDH1,JAG1,CDH1
JAG1:CDH15,JAG1,CDH15
JAG1:CDH20,JAG1,CDH20
JAG1:CDH3,JAG1,CDH3
JAG1:CDH6,JAG1,CDH6
JAG1:CDH8,JAG1,CDH8
JAG1:CEACAM6,JAG1,CEACAM6
JAG1:COL1,JAG1,COL1
JAG1:COL23A1,JAG1,COL23A1
JAG1:COL2A1,JAG1,COL2A1
JAG1:COL3A1,JAG1,COL3A1
JAG1:COL4A1,JAG1,COL4A1
JAG1:COL5A1,JAG1,COL5A1
JAG1:DCN,JAG1,DCN
JAG1:DSG2,JAG1,DSG2
JAG1:ECM1,JAG1,ECM1
JAG1:FN1,JAG1,FN1
JAG1:GAP43,JAG1,GAP43
JAG1:HA500M,JAG1,HA500M
JAG1:HA500P,JAG1,HA500P
JAG1:ICAM1,JAG1,ICAM1
JAG1:ITGA10B1,JAG1,ITGA10B1
JAG1:ITGA2B1,JAG1,ITGA2B1
JAG1:ITGA3B1,JAG1,ITGA3B1
JAG1:ITGA4B1,JAG1,ITGA4B1
JAG1:ITGA6B4,JAG1,ITGA6B4
JAG1:ITGA9B1,JAG1,ITGA9B1
JAG1:ITGAMB2,JAG1,ITGAMB2
JAG1:ITGAVB2,JAG1,ITGAVB2
JAG1:LAMA3,JAG1,LAMA3
JAG1:LAMB1,JAG1,LAMB1
JAG1:LUM,JAG1,LUM
JAG1:NID1,JAG1,NID1
JAG1:OMD,JAG1,OMD
JAG1:PECAM1,JAG1,PECAM1
JAG1:POSTN,JAG1,POSTN
JAG1:SPARC,JAG1,SPARC
JAG1:SPP1,JAG1,SPP1
JAG1:THBS1,JAG1,THBS1
JAG1:TNC,JAG1,TNC
JAG1:VCAM1,JAG1,VCAM1
JAG1:VTN,JAG1,VTN
JAG1:blank,JAG1,blank
JAG2:ALCAM,JAG2,ALCAM
JAG2:BCAN,JAG2,BCAN
JAG2:BGN,JAG2,BGN
JAG2:CD44,JAG2,CD44
JAG2:CDH1,JAG2,CDH1
JAG2:CDH15,JAG2,CDH15
JAG2:CDH20,JAG2,CDH20
JAG2:CDH3,JAG2,CDH3
JAG2:CDH6,JAG2,CDH6
JAG2:CDH8,JAG2,CDH8
JAG2:CEACAM6,JAG2,CEACAM6
JAG2:COL1,JAG2,COL1
JAG2:COL23A1,JAG2,COL23A1
JAG2:COL2A1,JAG2,COL2A1
JAG2:COL3A1,JAG2,COL3A1
JAG2:COL4A1,JAG2,COL4A1
JAG2:COL5A1,JAG2,COL5A1
JAG2:DCN,JAG2,DCN
JAG2:DSG2,JAG2,DSG2
JAG2:ECM1,JAG2,ECM1
JAG2:FN1,JAG2,FN1
JAG2:GAP43,JAG2,GAP43
JAG2:HA500M,JAG2,HA500M
JAG2:HA500P,JAG2,HA500P
JAG2:ICAM1,JAG2,ICAM1
JAG2:ITGA10B1,JAG2,ITGA10B1
JAG2:ITGA2B1,JAG2,ITGA2B1
JAG2:ITGA3B1,JAG2,ITGA3B1
JAG2:ITGA4B1,JAG2,ITGA4B1
JAG2:ITGA6B4,JAG2,ITGA6B4
JAG2:ITGA9B1,JAG2,ITGA9B1
JAG2:ITGAMB2,JAG2,ITGAMB2
JAG2:ITGAVB2,JAG2,ITGAVB2
JAG2:LAMA3,JAG2,LAMA3
JAG2:LAMB1,JAG2,LAMB1
JAG2:LUM,JAG2,LUM
JAG2:NID1,JAG2,NID1
JAG2:OMD,JAG2,OMD
JAG2:PECAM1,JAG2,PECAM1
JAG2:POSTN,JAG2,POSTN
JAG2:SPARC,JAG2,SPARC
JAG2:SPP1,JAG2,SPP1
JAG2:THBS1,JAG2,THBS1
JAG2:TNC,JAG2,TNC
JAG2:VCAM1,JAG2,VCAM1
JAG2:VTN,JAG2,VTN
JAG2:blank,JAG2,blank
KITLG:ALCAM,KITLG,ALCAM
KITLG:BCAN,KITLG,BCAN
KITLG:BGN,KITLG,BGN
KITLG:CD44,KITLG,CD44
KITLG:CDH1,KITLG,CDH1
KITLG:CDH15,KITLG,CDH15
KITLG:CDH20,KITLG,CDH20
KITLG:CDH3,KITLG,CDH3
KITLG:CDH6,KITLG,CDH6
KITLG:CDH8,KITLG,CDH8
KITLG:CEACAM6,KITLG,CEACAM6
KITLG:COL1,KITLG,COL1
KITLG:COL23A1,KITLG,COL23A1
KITLG:COL2A1,KITLG,COL2A1
KITLG:COL3A1,KITLG,COL3A1
KITLG:COL4A1,KITLG,COL4A1
KITLG:COL5A1,KITLG,COL5A1
KITLG:DCN,KITLG,DCN
KITLG:DSG2,KITLG,DSG2
KITLG:ECM1,KITLG,ECM1
KITLG:FN1,KITLG,FN1
KITLG:GAP43,KITLG,GAP43
KITLG:HA500M,KITLG,HA500M
KITLG:HA500P,KITLG,HA500P
KITLG:ICAM1,KITLG,ICAM1
KITLG:ITGA10B1,KITLG,ITGA10B1
KITLG:ITGA2B1,KITLG,ITGA2B1
KITLG:ITGA3B1,KITLG,ITGA3B1
KITLG:ITGA4B1,KITLG,ITGA4B1
KITLG:ITGA6B4,KITLG,ITGA6B4
KITLG:ITGA9B1,KITLG,ITGA9B1
KITLG:ITGAMB2,KITLG,ITGAMB2
KITLG:ITGAVB2,KITLG,ITGAVB2
KITLG:LAMA3,KITLG,LAMA3
KITLG:LAMB1,KITLG,LAMB1
KITLG:LUM,KITLG,LUM
KITLG:NID1,KITLG,NID1
KITLG:OMD,KITLG,OMD
KITLG:PECAM1,KITLG,PECAM1
KITLG:POSTN,KITLG,POSTN
KITLG:SPARC,KITLG,SPARC
KITLG:SPP1,KITLG,SPP1
KITLG:THBS1,KITLG,THBS1
KITLG:TNC,KITLG,TNC
KITLG:VCAM1,KITLG,VCAM1
KITLG:VTN,KITLG,VTN
KITLG:blank,KITLG,blank
KNG1:ALCAM,KNG1,ALCAM
KNG1:BCAN,KNG1,BCAN
KNG1:BGN,KNG1,BGN
KNG1:CD44,KNG1,CD44
KNG1:CDH1,KNG1,CDH1
KNG1:CDH15,KNG1,CDH15
KNG1:CDH20,KNG1,CDH20
KNG1:CDH3,KNG1,CDH3
KNG1:CDH6,KNG1,CDH6
KNG1:CDH8,KNG1,CDH8
KNG1:CEACAM6,KNG1,CEACAM6
KNG1:COL1,KNG1,COL1
KNG1:COL23A1,KNG1,COL23A1
KNG1:COL2A1,KNG1,COL2A1
KNG1:COL3A1,KNG1,COL3A1
KNG1:COL4A1,KNG1,COL4A1
KNG1:COL5A1,KNG1,COL5A1
KNG1:DCN,KNG1,DCN
KNG1:DSG2,KNG1,DSG2
KNG1:ECM1,KNG1,ECM1
KNG1:FN1,KNG1,FN1
KNG1:GAP43,KNG1,GAP43
KNG1:HA500M,KNG1,HA500M
KNG1:HA500P,KNG1,HA500P
KNG1:ICAM1,KNG1,ICAM1
KNG1:ITGA10B1,KNG1,ITGA10B1
KNG1:ITGA2B1,KNG1,ITGA2B1
KNG1:ITGA3B1,KNG1,ITGA3B1
KNG1:ITGA4B1,KNG1,ITGA4B1
KNG1:ITGA6B4,KNG1,ITGA6B4
KNG1:ITGA9B1,KNG1,ITGA9B1
KNG1:ITGAMB2,KNG1,ITGAMB2
KNG1:ITGAVB2,KNG1,ITGAVB2
KNG1:LAMA3,KNG1,LAMA3
KNG1:LAMB1,KNG1,LAMB1
KNG1:LUM,KNG1,LUM
KNG1:NID1,KNG1,NID1
KNG1:OMD,KNG1,OMD
KNG1:PECAM1,KNG1,PECAM1
KNG1:POSTN,KNG1,POSTN
KNG1:SPARC,KNG1,SPARC
KNG1:SPP1,KNG1,SPP1
KNG1:THBS1,KNG1,THBS1
KNG1:TNC,KNG1,TNC
KNG1:VCAM1,KNG1,VCAM1
KNG1:VTN,KNG1,VTN
KNG1:blank,KNG1,blank
LEP:ALCAM,LEP,ALCAM
LEP:BCAN,LEP,BCAN
LEP:BGN,LEP,BGN
LEP:CD44,LEP,CD44
LEP:CDH1,LEP,CDH1
LEP:CDH15,LEP,CDH15
LEP:CDH20,LEP,CDH20
LEP:CDH3,LEP,CDH3
LEP:CDH6,LEP,CDH6
LEP:CDH8,LEP,CDH8
LEP:CEACAM6,LEP,CEACAM6
LEP:COL1,LEP,COL1
LEP:COL23A1,LEP,COL23A1
LEP:COL2A1,LEP,COL2A1
LEP:COL3A1,LEP,COL3A1
LEP:COL4A1,LEP,COL4A1
LEP:COL5A1,LEP,COL5A1
LEP:DCN,LEP,DCN
LEP:DSG2,LEP,DSG2
LEP:ECM1,LEP,ECM1
LEP:FN1,LEP,FN1
LEP:GAP43,LEP,GAP43
LEP:HA500M,LEP,HA500M
LEP:HA500P,LEP,HA500P
LEP:ICAM1,LEP,ICAM1
LEP:ITGA10B1,LEP,ITGA10B1
LEP:ITGA2B1,LEP,ITGA2B1
LEP:ITGA3B1,LEP,ITGA3B1
LEP:ITGA4B1,LEP,ITGA4B1
LEP:ITGA6B4,LEP,ITGA6B4
LEP:ITGA9B1,LEP,ITGA9B1
LEP:ITGAMB2,LEP,ITGAMB2
LEP:ITGAVB2,LEP,ITGAVB2
LEP:LAMA3,LEP,LAMA3
LEP:LAMB1,LEP,LAMB1
LEP:LUM,LEP,LUM
LEP:NID1,LEP,NID1
LEP:OMD,LEP,OMD
LEP:PECAM1,LEP,PECAM1
LEP:POSTN,LEP,POSTN
LEP:SPARC,LEP,SPARC
LEP:SPP1,LEP,SPP1
LEP:THBS1,LEP,THBS1
LEP:TNC,LEP,TNC
LEP:VCAM1,LEP,VCAM1
LEP:VTN,LEP,VTN
LEP:blank,LEP,blank
LYVE1:ALCAM,LYVE1,ALCAM
LYVE1:BCAN,LYVE1,BCAN
LYVE1:BGN,LYVE1,BGN
LYVE1:CD44,LYVE1,CD44
LYVE1:CDH1,LYVE1,CDH1
LYVE1:CDH15,LYVE1,CDH15
LYVE1:CDH20,LYVE1,CDH20
LYVE1:CDH3,LYVE1,CDH3
LYVE1:CDH6,LYVE1,CDH6
LYVE1:CDH8,LYVE1,CDH8
LYVE1:CEACAM6,LYVE1,CEACAM6
LYVE1:COL1,LYVE1,COL1
LYVE1:COL23A1,LYVE1,COL23A1
LYVE1:COL2A1,LYVE1,COL2A1
LYVE1:COL3A1,LYVE1,COL3A1
LYVE1:COL4A1,LYVE1,COL4A1
LYVE1:COL5A1,LYVE1,COL5A1
LYVE1:DCN,LYVE1,DCN
LYVE1:DSG2,LYVE1,DSG2
LYVE1:ECM1,LYVE1,ECM1
LYVE1:FN1,LYVE1,FN1
LYVE1:GAP43,LYVE1,GAP43
LYVE1:HA500M,LYVE1,HA500M
LYVE1:HA500P,LYVE1,HA500P
LYVE1:ICAM1,LYVE1,ICAM1
LYVE1:ITGA10B1,LYVE1,ITGA10B1
LYVE1:ITGA2B1,LYVE1,ITGA2B1
LYVE1:ITGA3B1,LYVE1,ITGA3B1
LYVE1:ITGA4B1,LYVE1,ITGA4B1
LYVE1:ITGA6B4,LYVE1,ITGA6B4
LYVE1:ITGA9B1,LYVE1,ITGA9B1
LYVE1:ITGAMB2,LYVE1,ITGAMB2
LYVE1:ITGAVB2,LYVE1,ITGAVB2
LYVE1:LAMA3,LYVE1,LAMA3
LYVE1:LAMB1,LYVE1,LAMB1
LYVE1:LUM,LYVE1,LUM
LYVE1:NID1,LYVE1,NID1
LYVE1:OMD,LYVE1,OMD
LYVE1:PECAM1,LYVE1,PECAM1
LYVE1:POSTN,LYVE1,POSTN
LYVE1:SPARC,LYVE1,SPARC
LYVE1:SPP1,LYVE1,SPP1
LYVE1:THBS1,LYVE1,THBS1
LYVE1:TNC,LYVE1,TNC
LYVE1:VCAM1,LYVE1,VCAM1
LYVE1:VTN,LYVE1,VTN
LYVE1:blank,LYVE1,blank
NRG1_378SMCF:ALCAM,NRG1_378SMCF,ALCAM
NRG1_378SMCF:BCAN,NRG1_378SMCF,BCAN
NRG1_378SMCF:BGN,NRG1_378SMCF,BGN
NRG1_378SMCF:CD44,NRG1_378SMCF,CD44
NRG1_378SMCF:CDH1,NRG1_378SMCF,CDH1
NRG1_378SMCF:CDH15,NRG1_378SMCF,CDH15
NRG1_378SMCF:CDH20,NRG1_378SMCF,CDH20
NRG1_378SMCF:CDH3,NRG1_378SMCF,CDH3
NRG1_378SMCF:CDH6,NRG1_378SMCF,CDH6
NRG1_378SMCF:CDH8,NRG1_378SMCF,CDH8
NRG1_378SMCF:CEACAM6,NRG1_378SMCF,CEACAM6
NRG1_378SMCF:COL1,NRG1_378SMCF,COL1
NRG1_378SMCF:COL23A1,NRG1_378SMCF,COL23A1
NRG1_378SMCF:COL2A1,NRG1_378SMCF,COL2A1
NRG1_378SMCF:COL3A1,NRG1_378SMCF,COL3A1
NRG1_378SMCF:COL4A1,NRG1_378SMCF,COL4A1
NRG1_378SMCF:COL5A1,NRG1_378SMCF,COL5A1
NRG1_378SMCF:DCN,NRG1_378SMCF,DCN
NRG1_378SMCF:DSG2,NRG1_378SMCF,DSG2
NRG1_378SMCF:ECM1,NRG1_378SMCF,ECM1
NRG1_378SMCF:FN1,NRG1_378SMCF,FN1
NRG1_378SMCF:GAP43,NRG1_378SMCF,GAP43
NRG1_378SMCF:HA500M,NRG1_378SMCF,HA500M
NRG1_378SMCF:HA500P,NRG1_378SMCF,HA500P
NRG1_378SMCF:ICAM1,NRG1_378SMCF,ICAM1
NRG1_378SMCF:ITGA10B1,NRG1_378SMCF,ITGA10B1
NRG1_378SMCF:ITGA2B1,NRG1_378SMCF,ITGA2B1
NRG1_378SMCF:ITGA3B1,NRG1_378SMCF,ITGA3B1
NRG1_378SMCF:ITGA4B1,NRG1_378SMCF,ITGA4B1
NRG1_378SMCF:ITGA6B4,NRG1_378SMCF,ITGA6B4
NRG1_378SMCF:ITGA9B1,NRG1_378SMCF,ITGA9B1
NRG1_378SMCF:ITGAMB2,NRG1_378SMCF,ITGAMB2
NRG1_378SMCF:ITGAVB2,NRG1_378SMCF,ITGAVB2
NRG1_378SMCF:LAMA3,NRG1_378SMCF,LAMA3
NRG1_378SMCF:LAMB1,NRG1_378SMCF,LAMB1
NRG1_378SMCF:LUM,NRG1_378SMCF,LUM
NRG1_378SMCF:NID1,NRG1_378SMCF,NID1
NRG1_378SMCF:OMD,NRG1_378SMCF,OMD
NRG1_378SMCF:PECAM1,NRG1_378SMCF,PECAM1
NRG1_378SMCF:POSTN,NRG1_378SMCF,POSTN
NRG1_378SMCF:SPARC,NRG1_378SMCF,SPARC
NRG1_378SMCF:SPP1,NRG1_378SMCF,SPP1
NRG1_378SMCF:THBS1,NRG1_378SMCF,THBS1
NRG1_378SMCF:TNC,NRG1_378SMCF,TNC
NRG1_378SMCF:VCAM1,NRG1_378SMCF,VCAM1
NRG1_378SMCF:VTN,NRG1_378SMCF,VTN
NRG1_378SMCF:blank,NRG1_378SMCF,blank
NRG1_396HBCF:ALCAM,NRG1_396HBCF,ALCAM
NRG1_396HBCF:BCAN,NRG1_396HBCF,BCAN
NRG1_396HBCF:BGN,NRG1_396HBCF,BGN
NRG1_396HBCF:CD44,NRG1_396HBCF,CD44
NRG1_396HBCF:CDH1,NRG1_396HBCF,CDH1
NRG1_396HBCF:CDH15,NRG1_396HBCF,CDH15
NRG1_396HBCF:CDH20,NRG1_396HBCF,CDH20
NRG1_396HBCF:CDH3,NRG1_396HBCF,CDH3
NRG1_396HBCF:CDH6,NRG1_396HBCF,CDH6
NRG1_396HBCF:CDH8,NRG1_396HBCF,CDH8
NRG1_396HBCF:CEACAM6,NRG1_396HBCF,CEACAM6
NRG1_396HBCF:COL1,NRG1_396HBCF,COL1
NRG1_396HBCF:COL23A1,NRG1_396HBCF,COL23A1
NRG1_396HBCF:COL2A1,NRG1_396HBCF,COL2A1
NRG1_396HBCF:COL3A1,NRG1_396HBCF,COL3A1
NRG1_396HBCF:COL4A1,NRG1_396HBCF,COL4A1
NRG1_396HBCF:COL5A1,NRG1_396HBCF,COL5A1
NRG1_396HBCF:DCN,NRG1_396HBCF,DCN
NRG1_396HBCF:DSG2,NRG1_396HBCF,DSG2
NRG1_396HBCF:ECM1,NRG1_396HBCF,ECM1
NRG1_396HBCF:FN1,NRG1_396HBCF,FN1
NRG1_396HBCF:GAP43,NRG1_396HBCF,GAP43
NRG1_396HBCF:HA500M,NRG1_396HBCF,HA500M
NRG1_396HBCF:HA500P,NRG1_396HBCF,HA500P
NRG1_396HBCF:ICAM1,NRG1_396HBCF,ICAM1
NRG1_396HBCF:ITGA10B1,NRG1_396HBCF,ITGA10B1
NRG1_396HBCF:ITGA2B1,NRG1_396HBCF,ITGA2B1
NRG1_396HBCF:ITGA3B1,NRG1_396HBCF,ITGA3B1
NRG1_396HBCF:ITGA4B1,NRG1_396HBCF,ITGA4B1
NRG1_396HBCF:ITGA6B4,NRG1_396HBCF,ITGA6B4
NRG1_396HBCF:ITGA9B1,NRG1_396HBCF,ITGA9B1
NRG1_396HBCF:ITGAMB2,NRG1_396HBCF,ITGAMB2
NRG1_396HBCF:ITGAVB2,NRG1_396HBCF,ITGAVB2
NRG1_396HBCF:LAMA3,NRG1_396HBCF,LAMA3
NRG1_396HBCF:LAMB1,NRG1_396HBCF,LAMB1
NRG1_396HBCF:LUM,NRG1_396HBCF,LUM
NRG1_396HBCF:NID1,NRG1_396HBCF,NID1
NRG1_396HBCF:OMD,NRG1_396HBCF,OMD
NRG1_396HBCF:PECAM1,NRG1_396HBCF,PECAM1
NRG1_396HBCF:POSTN,NRG1_396HBCF,POSTN
NRG1_396HBCF:SPARC,NRG1_396HBCF,SPARC
NRG1_396HBCF:SPP1,NRG1_396HBCF,SPP1
NRG1_396HBCF:THBS1,NRG1_396HBCF,THBS1
NRG1_396HBCF:TNC,NRG1_396HBCF,TNC
NRG1_396HBCF:VCAM1,NRG1_396HBCF,VCAM1
NRG1_396HBCF:VTN,NRG1_396HBCF,VTN
NRG1_396HBCF:blank,NRG1_396HBCF,blank
NRG1_KC0814051:ALCAM,NRG1_KC0814051,ALCAM
NRG1_KC0814051:BCAN,NRG1_KC0814051,BCAN
NRG1_KC0814051:BGN,NRG1_KC0814051,BGN
NRG1_KC0814051:CD44,NRG1_KC0814051,CD44
NRG1_KC0814051:CDH1,NRG1_KC0814051,CDH1
NRG1_KC0814051:CDH15,NRG1_KC0814051,CDH15
NRG1_KC0814051:CDH20,NRG1_KC0814051,CDH20
NRG1_KC0814051:CDH3,NRG1_KC0814051,CDH3
NRG1_KC0814051:CDH6,NRG1_KC0814051,CDH6
NRG1_KC0814051:CDH8,NRG1_KC0814051,CDH8
NRG1_KC0814051:CEACAM6,NRG1_KC0814051,CEACAM6
NRG1_KC0814051:COL1,NRG1_KC0814051,COL1
NRG1_KC0814051:COL23A1,NRG1_KC0814051,COL23A1
NRG1_KC0814051:COL2A1,NRG1_KC0814051,COL2A1
NRG1_KC0814051:COL3A1,NRG1_KC0814051,COL3A1
NRG1_KC0814051:COL4A1,NRG1_KC0814051,COL4A1
NRG1_KC0814051:COL5A1,NRG1_KC0814051,COL5A1
NRG1_KC0814051:DCN,NRG1_KC0814051,DCN
NRG1_KC0814051:DSG2,NRG1_KC0814051,DSG2
NRG1_KC0814051:ECM1,NRG1_KC0814051,ECM1
NRG1_KC0814051:FN1,NRG1_KC0814051,FN1
NRG1_KC0814051:GAP43,NRG1_KC0814051,GAP43
NRG1_KC0814051:HA500M,NRG1_KC0814051,HA500M
NRG1_KC0814051:HA500P,NRG1_KC0814051,HA500P
NRG1_KC0814051:ICAM1,NRG1_KC0814051,ICAM1
NRG1_KC0814051:ITGA10B1,NRG1_KC0814051,ITGA10B1
NRG1_KC0814051:ITGA2B1,NRG1_KC0814051,ITGA2B1
NRG1_KC0814051:ITGA3B1,NRG1_KC0814051,ITGA3B1
NRG1_KC0814051:ITGA4B1,NRG1_KC0814051,ITGA4B1
NRG1_KC0814051:ITGA6B4,NRG1_KC0814051,ITGA6B4
NRG1_KC0814051:ITGA9B1,NRG1_KC0814051,ITGA9B1
NRG1_KC0814051:ITGAMB2,NRG1_KC0814051,ITGAMB2
NRG1_KC0814051:ITGAVB2,NRG1_KC0814051,ITGAVB2
NRG1_KC0814051:LAMA3,NRG1_KC0814051,LAMA3
NRG1_KC0814051:LAMB1,NRG1_KC0814051,LAMB1
NRG1_KC0814051:LUM,NRG1_KC0814051,LUM
NRG1_KC0814051:NID1,NRG1_KC0814051,NID1
NRG1_KC0814051:OMD,NRG1_KC0814051,OMD
NRG1_KC0814051:PECAM1,NRG1_KC0814051,PECAM1
NRG1_KC0814051:POSTN,NRG1_KC0814051,POSTN
NRG1_KC0814051:SPARC,NRG1_KC0814051,SPARC
NRG1_KC0814051:SPP1,NRG1_KC0814051,SPP1
NRG1_KC0814051:THBS1,NRG1_KC0814051,THBS1
NRG1_KC0814051:TNC,NRG1_KC0814051,TNC
NRG1_KC0814051:VCAM1,NRG1_KC0814051,VCAM1
NRG1_KC0814051:VTN,NRG1_KC0814051,VTN
NRG1_KC0814051:blank,NRG1_KC0814051,blank
PDGFAB:ALCAM,PDGFAB,ALCAM
PDGFAB:BCAN,PDGFAB,BCAN
PDGFAB:BGN,PDGFAB,BGN
PDGFAB:CD44,PDGFAB,CD44
PDGFAB:CDH1,PDGFAB,CDH1
PDGFAB:CDH15,PDGFAB,CDH15
PDGFAB:CDH20,PDGFAB,CDH20
PDGFAB:CDH3,PDGFAB,CDH3
PDGFAB:CDH6,PDGFAB,CDH6
PDGFAB:CDH8,PDGFAB,CDH8
PDGFAB:CEACAM6,PDGFAB,CEACAM6
PDGFAB:COL1,PDGFAB,COL1
PDGFAB:COL23A1,PDGFAB,COL23A1
PDGFAB:COL2A1,PDGFAB,COL2A1
PDGFAB:COL3A1,PDGFAB,COL3A1
PDGFAB:COL4A1,PDGFAB,COL4A1
PDGFAB:COL5A1,PDGFAB,COL5A1
PDGFAB:DCN,PDGFAB,DCN
PDGFAB:DSG2,PDGFAB,DSG2
PDGFAB:ECM1,PDGFAB,ECM1
PDGFAB:FN1,PDGFAB,FN1
PDGFAB:GAP43,PDGFAB,GAP43
PDGFAB:HA500M,PDGFAB,HA500M
PDGFAB:HA500P,PDGFAB,HA500P
PDGFAB:ICAM1,PDGFAB,ICAM1
PDGFAB:ITGA10B1,PDGFAB,ITGA10B1
PDGFAB:ITGA2B1,PDGFAB,ITGA2B1
PDGFAB:ITGA3B1,PDGFAB,ITGA3B1
PDGFAB:ITGA4B1,PDGFAB,ITGA4B1
PDGFAB:ITGA6B4,PDGFAB,ITGA6B4
PDGFAB:ITGA9B1,PDGFAB,ITGA9B1
PDGFAB:ITGAMB2,PDGFAB,ITGAMB2
PDGFAB:ITGAVB2,PDGFAB,ITGAVB2
PDGFAB:LAMA3,PDGFAB,LAMA3
PDGFAB:LAMB1,PDGFAB,LAMB1
PDGFAB:LUM,PDGFAB,LUM
PDGFAB:NID1,PDGFAB,NID1
PDGFAB:OMD,PDGFAB,OMD
PDGFAB:PECAM1,PDGFAB,PECAM1
PDGFAB:POSTN,PDGFAB,POSTN
PDGFAB:SPARC,PDGFAB,SPARC
PDGFAB:SPP1,PDGFAB,SPP1
PDGFAB:THBS1,PDGFAB,THBS1
PDGFAB:TNC,PDGFAB,TNC
PDGFAB:VCAM1,PDGFAB,VCAM1
PDGFAB:VTN,PDGFAB,VTN
PDGFAB:blank,PDGFAB,blank
PDGFB:ALCAM,PDGFB,ALCAM
PDGFB:BCAN,PDGFB,BCAN
PDGFB:BGN,PDGFB,BGN
PDGFB:CD44,PDGFB,CD44
PDGFB:CDH1,PDGFB,CDH1
PDGFB:CDH15,PDGFB,CDH15
PDGFB:CDH20,PDGFB,CDH20
PDGFB:CDH3,PDGFB,CDH3
PDGFB:CDH6,PDGFB,CDH6
PDGFB:CDH8,PDGFB,CDH8
PDGFB:CEACAM6,PDGFB,CEACAM6
PDGFB:COL1,PDGFB,COL1
PDGFB:COL23A1,PDGFB,COL23A1
PDGFB:COL2A1,PDGFB,COL2A1
PDGFB:COL3A1,PDGFB,COL3A1
PDGFB:COL4A1,PDGFB,COL4A1
PDGFB:COL5A1,PDGFB,COL5A1
PDGFB:DCN,PDGFB,DCN
PDGFB:DSG2,PDGFB,DSG2
PDGFB:ECM1,PDGFB,ECM1
PDGFB:FN1,PDGFB,FN1
PDGFB:GAP43,PDGFB,GAP43
PDGFB:HA500M,PDGFB,HA500M
PDGFB:HA500P,PDGFB,HA500P
PDGFB:ICAM1,PDGFB,ICAM1
PDGFB:ITGA10B1,PDGFB,ITGA10B1
PDGFB:ITGA2B1,PDGFB,ITGA2B1
PDGFB:ITGA3B1,PDGFB,ITGA3B1
PDGFB:ITGA4B1,PDGFB,ITGA4B1
PDGFB:ITGA6B4,PDGFB,ITGA6B4
PDGFB:ITGA9B1,PDGFB,ITGA9B1
PDGFB:ITGAMB2,PDGFB,ITGAMB2
PDGFB:ITGAVB2,PDGFB,ITGAVB2
PDGFB:LAMA3,PDGFB,LAMA3
PDGFB:LAMB1,PDGFB,LAMB1
PDGFB:LUM,PDGFB,LUM
PDGFB:NID1,PDGFB,NID1
PDGFB:OMD,PDGFB,OMD
PDGFB:PECAM1,PDGFB,PECAM1
PDGFB:POSTN,PDGFB,POSTN
PDGFB:SPARC,PDGFB,SPARC
PDGFB:SPP1,PDGFB,SPP1
PDGFB:THBS1,PDGFB,THBS1
PDGFB:TNC,PDGFB,TNC
PDGFB:VCAM1,PDGFB,VCAM1
PDGFB:VTN,PDGFB,VTN
PDGFB:blank,PDGFB,blank
PTN:ALCAM,PTN,ALCAM
PTN:BCAN,PTN,BCAN
PTN:BGN,PTN,BGN
PTN:CD44,PTN,CD44
PTN:CDH1,PTN,CDH1
PTN:CDH15,PTN,CDH15
PTN:CDH20,PTN,CDH20
PTN:CDH3,PTN,CDH3
PTN:CDH6,PTN,CDH6
PTN:CDH8,PTN,CDH8
PTN:CEACAM6,PTN,CEACAM6
PTN:COL1,PTN,COL1
PTN:COL23A1,PTN,COL23A1
PTN:COL2A1,PTN,COL2A1
PTN:COL3A1,PTN,COL3A1
PTN:COL4A1,PTN,COL4A1
PTN:COL5A1,PTN,COL5A1
PTN:DCN,PTN,DCN
PTN:DSG2,PTN,DSG2
PTN:ECM1,PTN,ECM1
PTN:FN1,PTN,FN1
PTN:GAP43,PTN,GAP43
PTN:HA500M,PTN,HA500M
PTN:HA500P,PTN,HA500P
PTN:ICAM1,PTN,ICAM1
PTN:ITGA10B1,PTN,ITGA10B1
PTN:ITGA2B1,PTN,ITGA2B1
PTN:ITGA3B1,PTN,ITGA3B1
PTN:ITGA4B1,PTN,ITGA4B1
PTN:ITGA6B4,PTN,ITGA6B4
PTN:ITGA9B1,PTN,ITGA9B1
PTN:ITGAMB2,PTN,ITGAMB2
PTN:ITGAVB2,PTN,ITGAVB2
PTN:LAMA3,PTN,LAMA3
PTN:LAMB1,PTN,LAMB1
PTN:LUM,PTN,LUM
PTN:NID1,PTN,NID1
PTN:OMD,PTN,OMD
PTN:PECAM1,PTN,PECAM1
PTN:POSTN,PTN,POSTN
PTN:SPARC,PTN,SPARC
PTN:SPP1,PTN,SPP1
PTN:THBS1,PTN,THBS1
PTN:TNC,PTN,TNC
PTN:VCAM1,PTN,VCAM1
PTN:VTN,PTN,VTN
PTN:blank,PTN,blank
SHH:ALCAM,SHH,ALCAM
SHH:BCAN,SHH,BCAN
SHH:BGN,SHH,BGN
SHH:CD44,SHH,CD44
SHH:CDH1,SHH,CDH1
SHH:CDH15,SHH,CDH15
SHH:CDH20,SHH,CDH20
SHH:CDH3,SHH,CDH3
SHH:CDH6,SHH,CDH6
SHH:CDH8,SHH,CDH8
SHH:CEACAM6,SHH,CEACAM6
SHH:COL1,SHH,COL1
SHH:COL23A1,SHH,COL23A1
SHH:COL2A1,SHH,COL2A1
SHH:COL3A1,SHH,COL3A1
SHH:COL4A1,SHH,COL4A1
SHH:COL5A1,SHH,COL5A1
SHH:DCN,SHH,DCN
SHH:DSG2,SHH,DSG2
SHH:ECM1,SHH,ECM1
SHH:FN1,SHH,FN1
SHH:GAP43,SHH,GAP43
SHH:HA500M,SHH,HA500M
SHH:HA500P,SHH,HA500P
SHH:ICAM1,SHH,ICAM1
SHH:ITGA10B1,SHH,ITGA10B1
SHH:ITGA2B1,SHH,ITGA2B1
SHH:ITGA3B1,SHH,ITGA3B1
SHH:ITGA4B1,SHH,ITGA4B1
SHH:ITGA6B4,SHH,ITGA6B4
SHH:ITGA9B1,SHH,ITGA9B1
SHH:ITGAMB2,SHH,ITGAMB2
SHH:ITGAVB2,SHH,ITGAVB2
SHH:LAMA3,SHH,LAMA3
SHH:LAMB1,SHH,LAMB1
SHH:LUM,SHH,LUM
SHH:NID1,SHH,NID1
SHH:OMD,SHH,OMD
SHH:PECAM1,SHH,PECAM1
SHH:POSTN,SHH,POSTN
SHH:SPARC,SHH,SPARC
SHH:SPP1,SHH,SPP1
SHH:THBS1,SHH,THBS1
SHH:TNC,SHH,TNC
SHH:VCAM1,SHH,VCAM1
SHH:VTN,SHH,VTN
SHH:blank,SHH,blank
TGFB1_240B010:ALCAM,TGFB1_240B010,ALCAM
TGFB1_240B010:BCAN,TGFB1_240B010,BCAN
TGFB1_240B010:BGN,TGFB1_240B010,BGN
TGFB1_240B010:CD44,TGFB1_240B010,CD44
TGFB1_240B010:CDH1,TGFB1_240B010,CDH1
TGFB1_240B010:CDH15,TGFB1_240B010,CDH15
TGFB1_240B010:CDH20,TGFB1_240B010,CDH20
TGFB1_240B010:CDH3,TGFB1_240B010,CDH3
TGFB1_240B010:CDH6,TGFB1_240B010,CDH6
TGFB1_240B010:CDH8,TGFB1_240B010,CDH8
TGFB1_240B010:CEACAM6,TGFB1_240B010,CEACAM6
TGFB1_240B010:COL1,TGFB1_240B010,COL1
TGFB1_240B010:COL23A1,TGFB1_240B010,COL23A1
TGFB1_240B010:COL2A1,TGFB1_240B010,COL2A1
TGFB1_240B010:COL3A1,TGFB1_240B010,COL3A1
TGFB1_240B010:COL4A1,TGFB1_240B010,COL4A1
TGFB1_240B010:COL5A1,TGFB1_240B010,COL5A1
TGFB1_240B010:DCN,TGFB1_240B010,DCN
TGFB1_240B010:DSG2,TGFB1_240B010,DSG2
TGFB1_240B010:ECM1,TGFB1_240B010,ECM1
TGFB1_240B010:FN1,TGFB1_240B010,FN1
TGFB1_240B010:GAP43,TGFB1_240B010,GAP43
TGFB1_240B010:HA500M,TGFB1_240B010,HA500M
TGFB1_240B010:HA500P,TGFB1_240B010,HA500P
TGFB1_240B010:ICAM1,TGFB1_240B010,ICAM1
TGFB1_240B010:ITGA10B1,TGFB1_240B010,ITGA10B1
TGFB1_240B010:ITGA2B1,TGFB1_240B010,ITGA2B1
TGFB1_240B010:ITGA3B1,TGFB1_240B010,ITGA3B1
TGFB1_240B010:ITGA4B1,TGFB1_240B010,ITGA4B1
TGFB1_240B010:ITGA6B4,TGFB1_240B010,ITGA6B4
TGFB1_240B010:ITGA9B1,TGFB1_240B010,ITGA9B1
TGFB1_240B010:ITGAMB2,TGFB1_240B010,ITGAMB2
TGFB1_240B010:ITGAVB2,TGFB1_240B010,ITGAVB2
TGFB1_240B010:LAMA3,TGFB1_240B010,LAMA3
TGFB1_240B010:LAMB1,TGFB1_240B010,LAMB1
TGFB1_240B010:LUM,TGFB1_240B010,LUM
TGFB1_240B010:NID1,TGFB1_240B010,NID1
TGFB1_240B010:OMD,TGFB1_240B010,OMD
TGFB1_240B010:PECAM1,TGFB1_240B010,PECAM1
TGFB1_240B010:POSTN,TGFB1_240B010,POSTN
TGFB1_240B010:SPARC,TGFB1_240B010,SPARC
TGFB1_240B010:SPP1,TGFB1_240B010,SPP1
TGFB1_240B010:THBS1,TGFB1_240B010,THBS1
TGFB1_240B010:TNC,TGFB1_240B010,TNC
TGFB1_240B010:VCAM1,TGFB1_240B010,VCAM1
TGFB1_240B010:VTN,TGFB1_240B010,VTN
TGFB1_240B010:blank,TGFB1_240B010,blank
TGFB1_246LP025CF:ALCAM,TGFB1_246LP025CF,ALCAM
TGFB1_246LP025CF:BCAN,TGFB1_246LP025CF,BCAN
TGFB1_246LP025CF:BGN,TGFB1_246LP025CF,BGN
TGFB1_246LP025CF:CD44,TGFB1_246LP025CF,CD44
TGFB1_246LP025CF:CDH1,TGFB1_246LP025CF,CDH1
TGFB1_246LP025CF:CDH15,TGFB1_246LP025CF,CDH15
TGFB1_246LP025CF:CDH20,TGFB1_246LP025CF,CDH20
TGFB1_246LP025CF:CDH3,TGFB1_246LP025CF,CDH3
TGFB1_246LP025CF:CDH6,TGFB1_246LP025CF,CDH6
TGFB1_246LP025CF:CDH8,TGFB1_246LP025CF,CDH8
TGFB1_246LP025CF:CEACAM6,TGFB1_246LP025CF,CEACAM6
TGFB1_246LP025CF:COL1,TGFB1_246LP025CF,COL1
TGFB1_246LP025CF:COL23A1,TGFB1_246LP025CF,COL23A1
TGFB1_246LP025CF:COL2A1,TGFB1_246LP025CF,COL2A1
TGFB1_246LP025CF:COL3A1,TGFB1_246LP025CF,COL3A1
TGFB1_246LP025CF:COL4A1,TGFB1_246LP025CF,COL4A1
TGFB1_246LP025CF:COL5A1,TGFB1_246LP025CF,COL5A1
TGFB1_246LP025CF:DCN,TGFB1_246LP025CF,DCN
TGFB1_246LP025CF:DSG2,TGFB1_246LP025CF,DSG2
TGFB1_246LP025CF:ECM1,TGFB1_246LP025CF,ECM1
TGFB1_246LP025CF:FN1,TGFB1_246LP025CF,FN1
TGFB1_246LP025CF:GAP43,TGFB1_246LP025CF,GAP43
TGFB1_246LP025CF:HA500M,TGFB1_246LP025CF,HA500M
TGFB1_246LP025CF:HA500P,TGFB1_246LP025CF,HA500P
TGFB1_246LP025CF:ICAM1,TGFB1_246LP025CF,ICAM1
TGFB1_246LP025CF:ITGA10B1,TGFB1_246LP025CF,ITGA10B1
TGFB1_246LP025CF:ITGA2B1,TGFB1_246LP025CF,ITGA2B1
TGFB1_246LP025CF:ITGA3B1,TGFB1_246LP025CF,ITGA3B1
TGFB1_246LP025CF:ITGA4B1,TGFB1_246LP025CF,ITGA4B1
TGFB1_246LP025CF:ITGA6B4,TGFB1_246LP025CF,ITGA6B4
TGFB1_246LP025CF:ITGA9B1,TGFB1_246LP025CF,ITGA9B1
TGFB1_246LP025CF:ITGAMB2,TGFB1_246LP025CF,ITGAMB2
TGFB1_246LP025CF:ITGAVB2,TGFB1_246LP025CF,ITGAVB2
TGFB1_246LP025CF:LAMA3,TGFB1_246LP025CF,LAMA3
TGFB1_246LP025CF:LAMB1,TGFB1_246LP025CF,LAMB1
TGFB1_246LP025CF:LUM,TGFB1_246LP025CF,LUM
TGFB1_246LP025CF:NID1,TGFB1_246LP025CF,NID1
TGFB1_246LP025CF:OMD,TGFB1_246LP025CF,OMD
TGFB1_246LP025CF:PECAM1,TGFB1_246LP025CF,PECAM1
TGFB1_246LP025CF:POSTN,TGFB1_246LP025CF,POSTN
TGFB1_246LP025CF:SPARC,TGFB1_246LP025CF,SPARC
TGFB1_246LP025CF:SPP1,TGFB1_246LP025CF,SPP1
TGFB1_246LP025CF:THBS1,TGFB1_246LP025CF,THBS1
TGFB1_246LP025CF:TNC,TGFB1_246LP025CF,TNC
TGFB1_246LP025CF:VCAM1,TGFB1_246LP025CF,VCAM1
TGFB1_246LP025CF:VTN,TGFB1_246LP025CF,VTN
TGFB1_246LP025CF:blank,TGFB1_246LP025CF,blank
TGFB2:ALCAM,TGFB2,ALCAM
TGFB2:BCAN,TGFB2,BCAN
TGFB2:BGN,TGFB2,BGN
TGFB2:CD44,TGFB2,CD44
TGFB2:CDH1,TGFB2,CDH1
TGFB2:CDH15,TGFB2,CDH15
TGFB2:CDH20,TGFB2,CDH20
TGFB2:CDH3,TGFB2,CDH3
TGFB2:CDH6,TGFB2,CDH6
TGFB2:CDH8,TGFB2,CDH8
TGFB2:CEACAM6,TGFB2,CEACAM6
TGFB2:COL1,TGFB2,COL1
TGFB2:COL23A1,TGFB2,COL23A1
TGFB2:COL2A1,TGFB2,COL2A1
TGFB2:COL3A1,TGFB2,COL3A1
TGFB2:COL4A1,TGFB2,COL4A1
TGFB2:COL5A1,TGFB2,COL5A1
TGFB2:DCN,TGFB2,DCN
TGFB2:DSG2,TGFB2,DSG2
TGFB2:ECM1,TGFB2,ECM1
TGFB2:FN1,TGFB2,FN1
TGFB2:GAP43,TGFB2,GAP43
TGFB2:HA500M,TGFB2,HA500M
TGFB2:HA500P,TGFB2,HA500P
TGFB2:ICAM1,TGFB2,ICAM1
TGFB2:ITGA10B1,TGFB2,ITGA10B1
TGFB2:ITGA2B1,TGFB2,ITGA2B1
TGFB2:ITGA3B1,TGFB2,ITGA3B1
TGFB2:ITGA4B1,TGFB2,ITGA4B1
TGFB2:ITGA6B4,TGFB2,ITGA6B4
TGFB2:ITGA9B1,TGFB2,ITGA9B1
TGFB2:ITGAMB2,TGFB2,ITGAMB2
TGFB2:ITGAVB2,TGFB2,ITGAVB2
TGFB2:LAMA3,TGFB2,LAMA3
TGFB2:LAMB1,TGFB2,LAMB1
TGFB2:LUM,TGFB2,LUM
TGFB2:NID1,TGFB2,NID1
TGFB2:OMD,TGFB2,OMD
TGFB2:PECAM1,TGFB2,PECAM1
TGFB2:POSTN,TGFB2,POSTN
TGFB2:SPARC,TGFB2,SPARC
TGFB2:SPP1,TGFB2,SPP1
TGFB2:THBS1,TGFB2,THBS1
TGFB2:TNC,TGFB2,TNC
TGFB2:VCAM1,TGFB2,VCAM1
TGFB2:VTN,TGFB2,VTN
TGFB2:blank,TGFB2,blank
THPO:ALCAM,THPO,ALCAM
THPO:BCAN,THPO,BCAN
THPO:BGN,THPO,BGN
THPO:CD44,THPO,CD44
THPO:CDH1,THPO,CDH1
THPO:CDH15,THPO,CDH15
THPO:CDH20,THPO,CDH20
THPO:CDH3,THPO,CDH3
THPO:CDH6,THPO,CDH6
THPO:CDH8,THPO,CDH8
THPO:CEACAM6,THPO,CEACAM6
THPO:COL1,THPO,COL1
THPO:COL23A1,THPO,COL23A1
THPO:COL2A1,THPO,COL2A1
THPO:COL3A1,THPO,COL3A1
THPO:COL4A1,THPO,COL4A1
THPO:COL5A1,THPO,COL5A1
THPO:DCN,THPO,DCN
THPO:DSG2,THPO,DSG2
THPO:ECM1,THPO,ECM1
THPO:FN1,THPO,FN1
THPO:GAP43,THPO,GAP43
THPO:HA500M,THPO,HA500M
THPO:HA500P,THPO,HA500P
THPO:ICAM1,THPO,ICAM1
THPO:ITGA10B1,THPO,ITGA10B1
THPO:ITGA2B1,THPO,ITGA2B1
THPO:ITGA3B1,THPO,ITGA3B1
THPO:ITGA4B1,THPO,ITGA4B1
THPO:ITGA6B4,THPO,ITGA6B4
THPO:ITGA9B1,THPO,ITGA9B1
THPO:ITGAMB2,THPO,ITGAMB2
THPO:ITGAVB2,THPO,ITGAVB2
THPO:LAMA3,THPO,LAMA3
THPO:LAMB1,THPO,LAMB1
THPO:LUM,THPO,LUM
THPO:NID1,THPO,NID1
THPO:OMD,THPO,OMD
THPO:PECAM1,THPO,PECAM1
THPO:POSTN,THPO,POSTN
THPO:SPARC,THPO,SPARC
THPO:SPP1,THPO,SPP1
THPO:THBS1,THPO,THBS1
THPO:TNC,THPO,TNC
THPO:VCAM1,THPO,VCAM1
THPO:VTN,THPO,VTN
THPO:blank,THPO,blank
TNF:ALCAM,TNF,ALCAM
TNF:BCAN,TNF,BCAN
TNF:BGN,TNF,BGN
TNF:CD44,TNF,CD44
TNF:CDH1,TNF,CDH1
TNF:CDH15,TNF,CDH15
TNF:CDH20,TNF,CDH20
TNF:CDH3,TNF,CDH3
TNF:CDH6,TNF,CDH6
TNF:CDH8,TNF,CDH8
TNF:CEACAM6,TNF,CEACAM6
TNF:COL1,TNF,COL1
TNF:COL23A1,TNF,COL23A1
TNF:COL2A1,TNF,COL2A1
TNF:COL3A1,TNF,COL3A1
TNF:COL4A1,TNF,COL4A1
TNF:COL5A1,TNF,COL5A1
TNF:DCN,TNF,DCN
TNF:DSG2,TNF,DSG2
TNF:ECM1,TNF,ECM1
TNF:FN1,TNF,FN1
TNF:GAP43,TNF,GAP43
TNF:HA500M,TNF,HA500M
TNF:HA500P,TNF,HA500P
TNF:ICAM1,TNF,ICAM1
TNF:ITGA10B1,TNF,ITGA10B1
TNF:ITGA2B1,TNF,ITGA2B1
TNF:ITGA3B1,TNF,ITGA3B1
TNF:ITGA4B1,TNF,ITGA4B1
TNF:ITGA6B4,TNF,ITGA6B4
TNF:ITGA9B1,TNF,ITGA9B1
TNF:ITGAMB2,TNF,ITGAMB2
TNF:ITGAVB2,TNF,ITGAVB2
TNF:LAMA3,TNF,LAMA3
TNF:LAMB1,TNF,LAMB1
TNF:LUM,TNF,LUM
TNF:NID1,TNF,NID1
TNF:OMD,TNF,OMD
TNF:PECAM1,TNF,PECAM1
TNF:POSTN,TNF,POSTN
TNF:SPARC,TNF,SPARC
TNF:SPP1,TNF,SPP1
TNF:THBS1,TNF,THBS1
TNF:TNC,TNF,TNC
TNF:VCAM1,TNF,VCAM1
TNF:VTN,TNF,VTN
TNF:blank,TNF,blank
TNFRSF11B:ALCAM,TNFRSF11B,ALCAM
TNFRSF11B:BCAN,TNFRSF11B,BCAN
TNFRSF11B:BGN,TNFRSF11B,BGN
TNFRSF11B:CD44,TNFRSF11B,CD44
TNFRSF11B:CDH1,TNFRSF11B,CDH1
TNFRSF11B:CDH15,TNFRSF11B,CDH15
TNFRSF11B:CDH20,TNFRSF11B,CDH20
TNFRSF11B:CDH3,TNFRSF11B,CDH3
TNFRSF11B:CDH6,TNFRSF11B,CDH6
TNFRSF11B:CDH8,TNFRSF11B,CDH8
TNFRSF11B:CEACAM6,TNFRSF11B,CEACAM6
TNFRSF11B:COL1,TNFRSF11B,COL1
TNFRSF11B:COL23A1,TNFRSF11B,COL23A1
TNFRSF11B:COL2A1,TNFRSF11B,COL2A1
TNFRSF11B:COL3A1,TNFRSF11B,COL3A1
TNFRSF11B:COL4A1,TNFRSF11B,COL4A1
TNFRSF11B:COL5A1,TNFRSF11B,COL5A1
TNFRSF11B:DCN,TNFRSF11B,DCN
TNFRSF11B:DSG2,TNFRSF11B,DSG2
TNFRSF11B:ECM1,TNFRSF11B,ECM1
TNFRSF11B:FN1,TNFRSF11B,FN1
TNFRSF11B:GAP43,TNFRSF11B,GAP43
TNFRSF11B:HA500M,TNFRSF11B,HA500M
TNFRSF11B:HA500P,TNFRSF11B,HA500P
TNFRSF11B:ICAM1,TNFRSF11B,ICAM1
TNFRSF11B:ITGA10B1,TNFRSF11B,ITGA10B1
TNFRSF11B:ITGA2B1,TNFRSF11B,ITGA2B1
TNFRSF11B:ITGA3B1,TNFRSF11B,ITGA3B1
TNFRSF11B:ITGA4B1,TNFRSF11B,ITGA4B1
TNFRSF11B:ITGA6B4,TNFRSF11B,ITGA6B4
TNFRSF11B:ITGA9B1,TNFRSF11B,ITGA9B1
TNFRSF11B:ITGAMB2,TNFRSF11B,ITGAMB2
TNFRSF11B:ITGAVB2,TNFRSF11B,ITGAVB2
TNFRSF11B:LAMA3,TNFRSF11B,LAMA3
TNFRSF11B:LAMB1,TNFRSF11B,LAMB1
TNFRSF11B:LUM,TNFRSF11B,LUM
TNFRSF11B:NID1,TNFRSF11B,NID1
TNFRSF11B:OMD,TNFRSF11B,OMD
TNFRSF11B:PECAM1,TNFRSF11B,PECAM1
TNFRSF11B:POSTN,TNFRSF11B,POSTN
TNFRSF11B:SPARC,TNFRSF11B,SPARC
TNFRSF11B:SPP1,TNFRSF11B,SPP1
TNFRSF11B:THBS1,TNFRSF11B,THBS1
TNFRSF11B:TNC,TNFRSF11B,TNC
TNFRSF11B:VCAM1,TNFRSF11B,VCAM1
TNFRSF11B:VTN,TNFRSF11B,VTN
TNFRSF11B:blank,TNFRSF11B,blank
TNFSF11:ALCAM,TNFSF11,ALCAM
TNFSF11:BCAN,TNFSF11,BCAN
TNFSF11:BGN,TNFSF11,BGN
TNFSF11:CD44,TNFSF11,CD44
TNFSF11:CDH1,TNFSF11,CDH1
TNFSF11:CDH15,TNFSF11,CDH15
TNFSF11:CDH20,TNFSF11,CDH20
TNFSF11:CDH3,TNFSF11,CDH3
TNFSF11:CDH6,TNFSF11,CDH6
TNFSF11:CDH8,TNFSF11,CDH8
TNFSF11:CEACAM6,TNFSF11,CEACAM6
TNFSF11:COL1,TNFSF11,COL1
TNFSF11:COL23A1,TNFSF11,COL23A1
TNFSF11:COL2A1,TNFSF11,COL2A1
TNFSF11:COL3A1,TNFSF11,COL3A1
TNFSF11:COL4A1,TNFSF11,COL4A1
TNFSF11:COL5A1,TNFSF11,COL5A1
TNFSF11:DCN,TNFSF11,DCN
TNFSF11:DSG2,TNFSF11,DSG2
TNFSF11:ECM1,TNFSF11,ECM1
TNFSF11:FN1,TNFSF11,FN1
TNFSF11:GAP43,TNFSF11,GAP43
TNFSF11:HA500M,TNFSF11,HA500M
TNFSF11:HA500P,TNFSF11,HA500P
TNFSF11:ICAM1,TNFSF11,ICAM1
TNFSF11:ITGA10B1,TNFSF11,ITGA10B1
TNFSF11:ITGA2B1,TNFSF11,ITGA2B1
TNFSF11:ITGA3B1,TNFSF11,ITGA3B1
TNFSF11:ITGA4B1,TNFSF11,ITGA4B1
TNFSF11:ITGA6B4,TNFSF11,ITGA6B4
TNFSF11:ITGA9B1,TNFSF11,ITGA9B1
TNFSF11:ITGAMB2,TNFSF11,ITGAMB2
TNFSF11:ITGAVB2,TNFSF11,ITGAVB2
TNFSF11:LAMA3,TNFSF11,LAMA3
TNFSF11:LAMB1,TNFSF11,LAMB1
TNFSF11:LUM,TNFSF11,LUM
TNFSF11:NID1,TNFSF11,NID1
TNFSF11:OMD,TNFSF11,OMD
TNFSF11:PECAM1,TNFSF11,PECAM1
TNFSF11:POSTN,TNFSF11,POSTN
TNFSF11:SPARC,TNFSF11,SPARC
TNFSF11:SPP1,TNFSF11,SPP1
TNFSF11:THBS1,TNFSF11,THBS1
TNFSF11:TNC,TNFSF11,TNC
TNFSF11:VCAM1,TNFSF11,VCAM1
TNFSF11:VTN,TNFSF11,VTN
TNFSF11:blank,TNFSF11,blank
TNFSF6:ALCAM,TNFSF6,ALCAM
TNFSF6:BCAN,TNFSF6,BCAN
TNFSF6:BGN,TNFSF6,BGN
TNFSF6:CD44,TNFSF6,CD44
TNFSF6:CDH1,TNFSF6,CDH1
TNFSF6:CDH15,TNFSF6,CDH15
TNFSF6:CDH20,TNFSF6,CDH20
TNFSF6:CDH3,TNFSF6,CDH3
TNFSF6:CDH6,TNFSF6,CDH6
TNFSF6:CDH8,TNFSF6,CDH8
TNFSF6:CEACAM6,TNFSF6,CEACAM6
TNFSF6:COL1,TNFSF6,COL1
TNFSF6:COL23A1,TNFSF6,COL23A1
TNFSF6:COL2A1,TNFSF6,COL2A1
TNFSF6:COL3A1,TNFSF6,COL3A1
TNFSF6:COL4A1,TNFSF6,COL4A1
TNFSF6:COL5A1,TNFSF6,COL5A1
TNFSF6:DCN,TNFSF6,DCN
TNFSF6:DSG2,TNFSF6,DSG2
TNFSF6:ECM1,TNFSF6,ECM1
TNFSF6:FN1,TNFSF6,FN1
TNFSF6:GAP43,TNFSF6,GAP43
TNFSF6:HA500M,TNFSF6,HA500M
TNFSF6:HA500P,TNFSF6,HA500P
TNFSF6:ICAM1,TNFSF6,ICAM1
TNFSF6:ITGA10B1,TNFSF6,ITGA10B1
TNFSF6:ITGA2B1,TNFSF6,ITGA2B1
TNFSF6:ITGA3B1,TNFSF6,ITGA3B1
TNFSF6:ITGA4B1,TNFSF6,ITGA4B1
TNFSF6:ITGA6B4,TNFSF6,ITGA6B4
TNFSF6:ITGA9B1,TNFSF6,ITGA9B1
TNFSF6:ITGAMB2,TNFSF6,ITGAMB2
TNFSF6:ITGAVB2,TNFSF6,ITGAVB2
TNFSF6:LAMA3,TNFSF6,LAMA3
TNFSF6:LAMB1,TNFSF6,LAMB1
TNFSF6:LUM,TNFSF6,LUM
TNFSF6:NID1,TNFSF6,NID1
TNFSF6:OMD,TNFSF6,OMD
TNFSF6:PECAM1,TNFSF6,PECAM1
TNFSF6:POSTN,TNFSF6,POSTN
TNFSF6:SPARC,TNFSF6,SPARC
TNFSF6:SPP1,TNFSF6,SPP1
TNFSF6:THBS1,TNFSF6,THBS1
TNFSF6:TNC,TNFSF6,TNC
TNFSF6:VCAM1,TNFSF6,VCAM1
TNFSF6:VTN,TNFSF6,VTN
TNFSF6:blank,TNFSF6,blank
VEGFA:ALCAM,VEGFA,ALCAM
VEGFA:BCAN,VEGFA,BCAN
VEGFA:BGN,VEGFA,BGN
VEGFA:CD44,VEGFA,CD44
VEGFA:CDH1,VEGFA,CDH1
VEGFA:CDH15,VEGFA,CDH15
VEGFA:CDH20,VEGFA,CDH20
VEGFA:CDH3,VEGFA,CDH3
VEGFA:CDH6,VEGFA,CDH6
VEGFA:CDH8,VEGFA,CDH8
VEGFA:CEACAM6,VEGFA,CEACAM6
VEGFA:COL1,VEGFA,COL1
VEGFA:COL23A1,VEGFA,COL23A1
VEGFA:COL2A1,VEGFA,COL2A1
VEGFA:COL3A1,VEGFA,COL3A1
VEGFA:COL4A1,VEGFA,COL4A1
VEGFA:COL5A1,VEGFA,COL5A1
VEGFA:DCN,VEGFA,DCN
VEGFA:DSG2,VEGFA,DSG2
VEGFA:ECM1,VEGFA,ECM1
VEGFA:FN1,VEGFA,FN1
VEGFA:GAP43,VEGFA,GAP43
VEGFA:HA500M,VEGFA,HA500M
VEGFA:HA500P,VEGFA,HA500P
VEGFA:ICAM1,VEGFA,ICAM1
VEGFA:ITGA10B1,VEGFA,ITGA10B1
VEGFA:ITGA2B1,VEGFA,ITGA2B1
VEGFA:ITGA3B1,VEGFA,ITGA3B1
VEGFA:ITGA4B1,VEGFA,ITGA4B1
VEGFA:ITGA6B4,VEGFA,ITGA6B4
VEGFA:ITGA9B1,VEGFA,ITGA9B1
VEGFA:ITGAMB2,VEGFA,ITGAMB2
VEGFA:ITGAVB2,VEGFA,ITGAVB2
VEGFA:LAMA3,VEGFA,LAMA3
VEGFA:LAMB1,VEGFA,LAMB1
VEGFA:LUM,VEGFA,LUM
VEGFA:NID1,VEGFA,NID1
VEGFA:OMD,VEGFA,OMD
VEGFA:PECAM1,VEGFA,PECAM1
VEGFA:POSTN,VEGFA,POSTN
VEGFA:SPARC,VEGFA,SPARC
VEGFA:SPP1,VEGFA,SPP1
VEGFA:THBS1,VEGFA,THBS1
VEGFA:TNC,VEGFA,TNC
VEGFA:VCAM1,VEGFA,VCAM1
VEGFA:VTN,VEGFA,VTN
VEGFA:blank,VEGFA,blank
WNT10A:ALCAM,WNT10A,ALCAM
WNT10A:BCAN,WNT10A,BCAN
WNT10A:BGN,WNT10A,BGN
WNT10A:CD44,WNT10A,CD44
WNT10A:CDH1,WNT10A,CDH1
WNT10A:CDH15,WNT10A,CDH15
WNT10A:CDH20,WNT10A,CDH20
WNT10A:CDH3,WNT10A,CDH3
WNT10A:CDH6,WNT10A,CDH6
WNT10A:CDH8,WNT10A,CDH8
WNT10A:CEACAM6,WNT10A,CEACAM6
WNT10A:COL1,WNT10A,COL1
WNT10A:COL23A1,WNT10A,COL23A1
WNT10A:COL2A1,WNT10A,COL2A1
WNT10A:COL3A1,WNT10A,COL3A1
WNT10A:COL4A1,WNT10A,COL4A1
WNT10A:COL5A1,WNT10A,COL5A1
WNT10A:DCN,WNT10A,DCN
WNT10A:DSG2,WNT10A,DSG2
WNT10A:ECM1,WNT10A,ECM1
WNT10A:FN1,WNT10A,FN1
WNT10A:GAP43,WNT10A,GAP43
WNT10A:HA500M,WNT10A,HA500M
WNT10A:HA500P,WNT10A,HA500P
WNT10A:ICAM1,WNT10A,ICAM1
WNT10A:ITGA10B1,WNT10A,ITGA10B1
WNT10A:ITGA2B1,WNT10A,ITGA2B1
WNT10A:ITGA3B1,3B1
WNT10A:ITGA4B1,WNT10A,ITGA4B1
WNT10A:ITGA6B4,WNT10A,ITGA6B4
WNT10A:ITGA9B1,WNT10A,ITGA9B1
WNT10A:ITGAMB2,WNT10A,ITGAMB2
WNT10A:ITGAVB2,WNT10A,ITGAVB2
WNT10A:LAMA3,WNT10A,LAMA3
WNT10A:LAMB1,WNT10A,LAMB1
WNT10A:LUM,WNT10A,LUM
WNT10A:NID1,WNT10A,NID1
WNT10A:OMD,WNT10A,OMD
WNT10A:PECAM1,WNT10A,PECAM1
WNT10A:POSTN,WNT10A,POSTN
WNT10A:SPARC,WNT10A,SPARC
WNT10A:SPP1,WNT10A,SPP1
WNT10A:THBS1,WNT10A,THBS1
WNT10A:TNC,WNT10A,TNC
WNT10A:VCAM1,WNT10A,VCAM1
WNT10A:VTN,WNT10A,VTN
WNT10A:blank,WNT10A,blank
WNT3A:ALCAM,WNT3A,ALCAM
WNT3A:BCAN,WNT3A,BCAN
WNT3A:BGN,WNT3A,BGN
WNT3A:CD44,WNT3A,CD44
WNT3A:CDH1,WNT3A,CDH1
WNT3A:CDH15,WNT3A,CDH15
WNT3A:CDH20,WNT3A,CDH20
WNT3A:CDH3,WNT3A,CDH3
WNT3A:CDH6,WNT3A,CDH6
WNT3A:CDH8,WNT3A,CDH8
WNT3A:CEACAM6,WNT3A,CEACAM6
WNT3A:COL1,WNT3A,COL1
WNT3A:COL23A1,WNT3A,COL23A1
WNT3A:COL2A1,WNT3A,COL2A1
WNT3A:COL3A1,WNT3A,COL3A1
WNT3A:COL4A1,WNT3A,COL4A1
WNT3A:COL5A1,WNT3A,COL5A1
WNT3A:DCN,WNT3A,DCN
WNT3A:DSG2,WNT3A,DSG2
WNT3A:ECM1,WNT3A,ECM1
WNT3A:FN1,WNT3A,FN1
WNT3A:GAP43,WNT3A,GAP43
WNT3A:HA500M,WNT3A,HA500M
WNT3A:HA500P,WNT3A,HA500P
WNT3A:ICAM1,WNT3A,ICAM1
WNT3A:ITGA10B1,WNT3A,ITGA10B1
WNT3A:ITGA2B1,WNT3A,ITGA2B1
WNT3A:ITGA3B1,WNT3A,ITGA3B1
WNT3A:ITGA4B1,WNT3A,ITGA4B1
WNT3A:ITGA6B4,WNT3A,ITGA6B4
WNT3A:ITGA9B1,WNT3A,ITGA9B1
WNT3A:ITGAMB2,WNT3A,ITGAMB2
WNT3A:ITGAVB2,WNT3A,ITGAVB2
WNT3A:LAMA3,WNT3A,LAMA3
WNT3A:LAMB1,WNT3A,LAMB1
WNT3A:LUM,WNT3A,LUM
WNT3A:NID1,WNT3A,NID1
WNT3A:OMD,WNT3A,OMD
WNT3A:PECAM1,WNT3A,PECAM1
WNT3A:POSTN,WNT3A,POSTN
WNT3A:SPARC,WNT3A,SPARC
WNT3A:SPP1,WNT3A,SPP1
WNT3A:THBS1,WNT3A,THBS1
WNT3A:TNC,WNT3A,TNC
WNT3A:VCAM1,WNT3A,VCAM1
WNT3A:VTN,WNT3A,VTN
WNT3A:blank,WNT3A,blank
Wnt5a:ALCAM,Wnt5a,ALCAM
Wnt5a:BCAN,Wnt5a,BCAN
Wnt5a:BGN,Wnt5a,BGN
Wnt5a:CD44,Wnt5a,CD44
Wnt5a:CDH1,Wnt5a,CDH1
Wnt5a:CDH15,Wnt5a,CDH15
Wnt5a:CDH20,Wnt5a,CDH20
Wnt5a:CDH3,Wnt5a,CDH3
Wnt5a:CDH6,Wnt5a,CDH6
Wnt5a:CDH8,Wnt5a,CDH8
Wnt5a:CEACAM6,Wnt5a,CEACAM6
Wnt5a:COL1,Wnt5a,COL1
Wnt5a:COL23A1,Wnt5a,COL23A1
Wnt5a:COL2A1,Wnt5a,COL2A1
Wnt5a:COL3A1,Wnt5a,COL3A1
Wnt5a:COL4A1,Wnt5a,COL4A1
Wnt5a:COL5A1,Wnt5a,COL5A1
Wnt5a:DCN,Wnt5a,DCN
Wnt5a:DSG2,Wnt5a,DSG2
Wnt5a:ECM1,Wnt5a,ECM1
Wnt5a:FN1,Wnt5a,FN1
Wnt5a:GAP43,Wnt5a,GAP43
Wnt5a:HA500M,Wnt5a,HA500M
Wnt5a:HA500P,Wnt5a,HA500P
Wnt5a:ICAM1,Wnt5a,ICAM1
Wnt5a:ITGA10B1,Wnt5a,ITGA10B1
Wnt5a:ITGA2B1,Wnt5a,ITGA2B1
Wnt5a:ITGA3B1,Wnt5a,ITGA3B1
Wnt5a:ITGA4B1,Wnt5a,ITGA4B1
Wnt5a:ITGA6B4,Wnt5a,ITGA6B4
Wnt5a:ITGA9B1,Wnt5a,ITGA9B1
Wnt5a:ITGAMB2,Wnt5a,ITGAMB2
Wnt5a:ITGAVB2,Wnt5a,ITGAVB2
Wnt5a:LAMA3,Wnt5a,LAMA3
Wnt5a:LAMB1,Wnt5a,LAMB1
Wnt5a:LUM,Wnt5a,LUM
Wnt5a:NID1,Wnt5a,NID1
Wnt5a:OMD,Wnt5a,OMD
Wnt5a:PECAM1,Wnt5a,PECAM1
Wnt5a:POSTN,Wnt5a,POSTN
Wnt5a:SPARC,Wnt5a,SPARC
Wnt5a:SPP1,Wnt5a,SPP1
Wnt5a:THBS1,Wnt5a,THBS1
Wnt5a:TNC,Wnt5a,TNC
Wnt5a:VCAM1,Wnt5a,VCAM1
Wnt5a:VTN,Wnt5a,VTN
Wnt5a:blank,Wnt5a,blank
